"ID","Type","SKU","Name","Published","Is featured?","Visibility in catalog","Short description","Description","Regular price","Sale price","Categories","Tags","In stock?","Backorders allowed?","Sold individually?","Weight","Attribute 1 name","Attribute 1 value(s)","Attribute 1 visible","Attribute 1 global","Meta: _yoast_wpseo_focuskw","Meta: _yoast_wpseo_metadesc","Images"
"1000","variable","CRYPTO-BITCOIN","Bitcoin (BTC) Crypto Gift Card – Buy & Redeem Bitcoin Instantly","1","0","visible","Top up or gift Bitcoin instantly with a secure, redeemable Bitcoin crypto voucher. Instant email delivery.","<p>The Bitcoin (BTC) Crypto Gift Card is the fastest way to buy, gift, or top up Bitcoin without needing a bank card or long exchange sign-up. Choose your denomination at checkout and redeem the code directly into any supported crypto wallet or exchange account in minutes.</p><h3>Why buy the Bitcoin Crypto Gift Card here</h3><ul><li>Redeemable for Bitcoin on major supported wallets and exchanges</li><li>No bank account, credit card, or ID verification required at redemption</li><li>Fixed-value voucher, unaffected by checkout processing delays</li><li>Perfect for gifting, private top-ups, or first-time crypto buyers</li><li>Digital code sent instantly to your email after payment</li></ul><h3>How delivery &amp; redemption works</h3><p>After checkout you will instantly receive a unique redemption code by email. Open your supported wallet or exchange app, select ""Redeem Gift Card / Voucher"", enter the code, and your Bitcoin balance will be credited immediately.</p><p>Instant email delivery, 24/7 automated checkout, and multiple denominations are available so you can buy exactly what you need. All codes are sourced from authorized distributors and are ready to redeem immediately after purchase confirmation.</p>","10","","Gift Cards > Crypto Gift Cards","Bitcoin, crypto gift card, buy bitcoin, cryptocurrency voucher, digital gift card","1","0","1","","Denomination","$10 | $25 | $50 | $100 | $250 | $500","1","1","Bitcoin gift card","Buy a Bitcoin crypto gift card online. Instant delivery, multiple denominations, secure redemption. Gift or top up Bitcoin today.",""
"1001","variable","CRYPTO-ETHEREUM","Ethereum (ETH) Crypto Gift Card – Buy & Redeem Ethereum Instantly","1","0","visible","Top up or gift Ethereum instantly with a secure, redeemable Ethereum crypto voucher. Instant email delivery.","<p>The Ethereum (ETH) Crypto Gift Card is the fastest way to buy, gift, or top up Ethereum without needing a bank card or long exchange sign-up. Choose your denomination at checkout and redeem the code directly into any supported crypto wallet or exchange account in minutes.</p><h3>Why buy the Ethereum Crypto Gift Card here</h3><ul><li>Redeemable for Ethereum on major supported wallets and exchanges</li><li>No bank account, credit card, or ID verification required at redemption</li><li>Fixed-value voucher, unaffected by checkout processing delays</li><li>Perfect for gifting, private top-ups, or first-time crypto buyers</li><li>Digital code sent instantly to your email after payment</li></ul><h3>How delivery &amp; redemption works</h3><p>After checkout you will instantly receive a unique redemption code by email. Open your supported wallet or exchange app, select ""Redeem Gift Card / Voucher"", enter the code, and your Ethereum balance will be credited immediately.</p><p>Instant email delivery, 24/7 automated checkout, and multiple denominations are available so you can buy exactly what you need. All codes are sourced from authorized distributors and are ready to redeem immediately after purchase confirmation.</p>","10","","Gift Cards > Crypto Gift Cards","Ethereum, crypto gift card, buy ethereum, cryptocurrency voucher, digital gift card","1","0","1","","Denomination","$10 | $25 | $50 | $100 | $250 | $500","1","1","Ethereum gift card","Buy a Ethereum crypto gift card online. Instant delivery, multiple denominations, secure redemption. Gift or top up Ethereum today.",""
"1002","variable","CRYPTO-TETHER","Tether (USDT) Crypto Gift Card – Buy & Redeem Tether Instantly","1","0","visible","Top up or gift Tether instantly with a secure, redeemable Tether crypto voucher. Instant email delivery.","<p>The Tether (USDT) Crypto Gift Card is the fastest way to buy, gift, or top up Tether without needing a bank card or long exchange sign-up. Choose your denomination at checkout and redeem the code directly into any supported crypto wallet or exchange account in minutes.</p><h3>Why buy the Tether Crypto Gift Card here</h3><ul><li>Redeemable for Tether on major supported wallets and exchanges</li><li>No bank account, credit card, or ID verification required at redemption</li><li>Fixed-value voucher, unaffected by checkout processing delays</li><li>Perfect for gifting, private top-ups, or first-time crypto buyers</li><li>Digital code sent instantly to your email after payment</li></ul><h3>How delivery &amp; redemption works</h3><p>After checkout you will instantly receive a unique redemption code by email. Open your supported wallet or exchange app, select ""Redeem Gift Card / Voucher"", enter the code, and your Tether balance will be credited immediately.</p><p>Instant email delivery, 24/7 automated checkout, and multiple denominations are available so you can buy exactly what you need. All codes are sourced from authorized distributors and are ready to redeem immediately after purchase confirmation.</p>","10","","Gift Cards > Crypto Gift Cards","Tether, crypto gift card, buy tether, cryptocurrency voucher, digital gift card","1","0","1","","Denomination","$10 | $25 | $50 | $100 | $250 | $500","1","1","Tether gift card","Buy a Tether crypto gift card online. Instant delivery, multiple denominations, secure redemption. Gift or top up Tether today.",""
"1003","variable","CRYPTO-LITECOIN","Litecoin (LTC) Crypto Gift Card – Buy & Redeem Litecoin Instantly","1","0","visible","Top up or gift Litecoin instantly with a secure, redeemable Litecoin crypto voucher. Instant email delivery.","<p>The Litecoin (LTC) Crypto Gift Card is the fastest way to buy, gift, or top up Litecoin without needing a bank card or long exchange sign-up. Choose your denomination at checkout and redeem the code directly into any supported crypto wallet or exchange account in minutes.</p><h3>Why buy the Litecoin Crypto Gift Card here</h3><ul><li>Redeemable for Litecoin on major supported wallets and exchanges</li><li>No bank account, credit card, or ID verification required at redemption</li><li>Fixed-value voucher, unaffected by checkout processing delays</li><li>Perfect for gifting, private top-ups, or first-time crypto buyers</li><li>Digital code sent instantly to your email after payment</li></ul><h3>How delivery &amp; redemption works</h3><p>After checkout you will instantly receive a unique redemption code by email. Open your supported wallet or exchange app, select ""Redeem Gift Card / Voucher"", enter the code, and your Litecoin balance will be credited immediately.</p><p>Instant email delivery, 24/7 automated checkout, and multiple denominations are available so you can buy exactly what you need. All codes are sourced from authorized distributors and are ready to redeem immediately after purchase confirmation.</p>","10","","Gift Cards > Crypto Gift Cards","Litecoin, crypto gift card, buy litecoin, cryptocurrency voucher, digital gift card","1","0","1","","Denomination","$10 | $25 | $50 | $100 | $250 | $500","1","1","Litecoin gift card","Buy a Litecoin crypto gift card online. Instant delivery, multiple denominations, secure redemption. Gift or top up Litecoin today.",""
"1004","variable","CRYPTO-BINANCEPAY","Binance Pay Crypto Gift Card – Buy & Redeem Binance Pay Instantly","1","0","visible","Top up or gift Binance Pay instantly with a secure, redeemable Binance Pay crypto voucher. Instant email delivery.","<p>The Binance Pay Crypto Gift Card is the fastest way to buy, gift, or top up Binance Pay without needing a bank card or long exchange sign-up. Choose your denomination at checkout and redeem the code directly into any supported crypto wallet or exchange account in minutes.</p><h3>Why buy the Binance Pay Crypto Gift Card here</h3><ul><li>Redeemable for Binance Pay on major supported wallets and exchanges</li><li>No bank account, credit card, or ID verification required at redemption</li><li>Fixed-value voucher, unaffected by checkout processing delays</li><li>Perfect for gifting, private top-ups, or first-time crypto buyers</li><li>Digital code sent instantly to your email after payment</li></ul><h3>How delivery &amp; redemption works</h3><p>After checkout you will instantly receive a unique redemption code by email. Open your supported wallet or exchange app, select ""Redeem Gift Card / Voucher"", enter the code, and your Binance Pay balance will be credited immediately.</p><p>Instant email delivery, 24/7 automated checkout, and multiple denominations are available so you can buy exactly what you need. All codes are sourced from authorized distributors and are ready to redeem immediately after purchase confirmation.</p>","10","","Gift Cards > Crypto Gift Cards","Binance Pay, crypto gift card, buy binance pay, cryptocurrency voucher, digital gift card","1","0","1","","Denomination","$10 | $25 | $50 | $100 | $250 | $500","1","1","Binance Pay gift card","Buy a Binance Pay crypto gift card online. Instant delivery, multiple denominations, secure redemption. Gift or top up Binance Pay today.",""
"1005","variable","CRYPTO-DOGECOIN","Dogecoin (DOGE) Crypto Gift Card – Buy & Redeem Dogecoin Instantly","1","0","visible","Top up or gift Dogecoin instantly with a secure, redeemable Dogecoin crypto voucher. Instant email delivery.","<p>The Dogecoin (DOGE) Crypto Gift Card is the fastest way to buy, gift, or top up Dogecoin without needing a bank card or long exchange sign-up. Choose your denomination at checkout and redeem the code directly into any supported crypto wallet or exchange account in minutes.</p><h3>Why buy the Dogecoin Crypto Gift Card here</h3><ul><li>Redeemable for Dogecoin on major supported wallets and exchanges</li><li>No bank account, credit card, or ID verification required at redemption</li><li>Fixed-value voucher, unaffected by checkout processing delays</li><li>Perfect for gifting, private top-ups, or first-time crypto buyers</li><li>Digital code sent instantly to your email after payment</li></ul><h3>How delivery &amp; redemption works</h3><p>After checkout you will instantly receive a unique redemption code by email. Open your supported wallet or exchange app, select ""Redeem Gift Card / Voucher"", enter the code, and your Dogecoin balance will be credited immediately.</p><p>Instant email delivery, 24/7 automated checkout, and multiple denominations are available so you can buy exactly what you need. All codes are sourced from authorized distributors and are ready to redeem immediately after purchase confirmation.</p>","10","","Gift Cards > Crypto Gift Cards","Dogecoin, crypto gift card, buy dogecoin, cryptocurrency voucher, digital gift card","1","0","1","","Denomination","$10 | $25 | $50 | $100 | $250 | $500","1","1","Dogecoin gift card","Buy a Dogecoin crypto gift card online. Instant delivery, multiple denominations, secure redemption. Gift or top up Dogecoin today.",""
"1006","variable","CRYPTO-RIPPLE","Ripple (XRP) Crypto Gift Card – Buy & Redeem Ripple Instantly","1","0","visible","Top up or gift Ripple instantly with a secure, redeemable Ripple crypto voucher. Instant email delivery.","<p>The Ripple (XRP) Crypto Gift Card is the fastest way to buy, gift, or top up Ripple without needing a bank card or long exchange sign-up. Choose your denomination at checkout and redeem the code directly into any supported crypto wallet or exchange account in minutes.</p><h3>Why buy the Ripple Crypto Gift Card here</h3><ul><li>Redeemable for Ripple on major supported wallets and exchanges</li><li>No bank account, credit card, or ID verification required at redemption</li><li>Fixed-value voucher, unaffected by checkout processing delays</li><li>Perfect for gifting, private top-ups, or first-time crypto buyers</li><li>Digital code sent instantly to your email after payment</li></ul><h3>How delivery &amp; redemption works</h3><p>After checkout you will instantly receive a unique redemption code by email. Open your supported wallet or exchange app, select ""Redeem Gift Card / Voucher"", enter the code, and your Ripple balance will be credited immediately.</p><p>Instant email delivery, 24/7 automated checkout, and multiple denominations are available so you can buy exactly what you need. All codes are sourced from authorized distributors and are ready to redeem immediately after purchase confirmation.</p>","10","","Gift Cards > Crypto Gift Cards","Ripple, crypto gift card, buy ripple, cryptocurrency voucher, digital gift card","1","0","1","","Denomination","$10 | $25 | $50 | $100 | $250 | $500","1","1","Ripple gift card","Buy a Ripple crypto gift card online. Instant delivery, multiple denominations, secure redemption. Gift or top up Ripple today.",""
"1007","variable","CRYPTO-SOLANA","Solana (SOL) Crypto Gift Card – Buy & Redeem Solana Instantly","1","0","visible","Top up or gift Solana instantly with a secure, redeemable Solana crypto voucher. Instant email delivery.","<p>The Solana (SOL) Crypto Gift Card is the fastest way to buy, gift, or top up Solana without needing a bank card or long exchange sign-up. Choose your denomination at checkout and redeem the code directly into any supported crypto wallet or exchange account in minutes.</p><h3>Why buy the Solana Crypto Gift Card here</h3><ul><li>Redeemable for Solana on major supported wallets and exchanges</li><li>No bank account, credit card, or ID verification required at redemption</li><li>Fixed-value voucher, unaffected by checkout processing delays</li><li>Perfect for gifting, private top-ups, or first-time crypto buyers</li><li>Digital code sent instantly to your email after payment</li></ul><h3>How delivery &amp; redemption works</h3><p>After checkout you will instantly receive a unique redemption code by email. Open your supported wallet or exchange app, select ""Redeem Gift Card / Voucher"", enter the code, and your Solana balance will be credited immediately.</p><p>Instant email delivery, 24/7 automated checkout, and multiple denominations are available so you can buy exactly what you need. All codes are sourced from authorized distributors and are ready to redeem immediately after purchase confirmation.</p>","10","","Gift Cards > Crypto Gift Cards","Solana, crypto gift card, buy solana, cryptocurrency voucher, digital gift card","1","0","1","","Denomination","$10 | $25 | $50 | $100 | $250 | $500","1","1","Solana gift card","Buy a Solana crypto gift card online. Instant delivery, multiple denominations, secure redemption. Gift or top up Solana today.",""
"1008","variable","CRYPTO-BITCOINCASH","Bitcoin Cash (BCH) Crypto Gift Card – Buy & Redeem Bitcoin Cash Instantly","1","0","visible","Top up or gift Bitcoin Cash instantly with a secure, redeemable Bitcoin Cash crypto voucher. Instant email delivery.","<p>The Bitcoin Cash (BCH) Crypto Gift Card is the fastest way to buy, gift, or top up Bitcoin Cash without needing a bank card or long exchange sign-up. Choose your denomination at checkout and redeem the code directly into any supported crypto wallet or exchange account in minutes.</p><h3>Why buy the Bitcoin Cash Crypto Gift Card here</h3><ul><li>Redeemable for Bitcoin Cash on major supported wallets and exchanges</li><li>No bank account, credit card, or ID verification required at redemption</li><li>Fixed-value voucher, unaffected by checkout processing delays</li><li>Perfect for gifting, private top-ups, or first-time crypto buyers</li><li>Digital code sent instantly to your email after payment</li></ul><h3>How delivery &amp; redemption works</h3><p>After checkout you will instantly receive a unique redemption code by email. Open your supported wallet or exchange app, select ""Redeem Gift Card / Voucher"", enter the code, and your Bitcoin Cash balance will be credited immediately.</p><p>Instant email delivery, 24/7 automated checkout, and multiple denominations are available so you can buy exactly what you need. All codes are sourced from authorized distributors and are ready to redeem immediately after purchase confirmation.</p>","10","","Gift Cards > Crypto Gift Cards","Bitcoin Cash, crypto gift card, buy bitcoin cash, cryptocurrency voucher, digital gift card","1","0","1","","Denomination","$10 | $25 | $50 | $100 | $250 | $500","1","1","Bitcoin Cash gift card","Buy a Bitcoin Cash crypto gift card online. Instant delivery, multiple denominations, secure redemption. Gift or top up Bitcoin Cash today.",""
"1009","variable","CRYPTO-TRON","TRON (TRX) Crypto Gift Card – Buy & Redeem TRON Instantly","1","0","visible","Top up or gift TRON instantly with a secure, redeemable TRON crypto voucher. Instant email delivery.","<p>The TRON (TRX) Crypto Gift Card is the fastest way to buy, gift, or top up TRON without needing a bank card or long exchange sign-up. Choose your denomination at checkout and redeem the code directly into any supported crypto wallet or exchange account in minutes.</p><h3>Why buy the TRON Crypto Gift Card here</h3><ul><li>Redeemable for TRON on major supported wallets and exchanges</li><li>No bank account, credit card, or ID verification required at redemption</li><li>Fixed-value voucher, unaffected by checkout processing delays</li><li>Perfect for gifting, private top-ups, or first-time crypto buyers</li><li>Digital code sent instantly to your email after payment</li></ul><h3>How delivery &amp; redemption works</h3><p>After checkout you will instantly receive a unique redemption code by email. Open your supported wallet or exchange app, select ""Redeem Gift Card / Voucher"", enter the code, and your TRON balance will be credited immediately.</p><p>Instant email delivery, 24/7 automated checkout, and multiple denominations are available so you can buy exactly what you need. All codes are sourced from authorized distributors and are ready to redeem immediately after purchase confirmation.</p>","10","","Gift Cards > Crypto Gift Cards","TRON, crypto gift card, buy tron, cryptocurrency voucher, digital gift card","1","0","1","","Denomination","$10 | $25 | $50 | $100 | $250 | $500","1","1","TRON gift card","Buy a TRON crypto gift card online. Instant delivery, multiple denominations, secure redemption. Gift or top up TRON today.",""
"1010","variable","CRYPTO-PAXFULVOUCHER","Paxful Voucher Crypto Gift Card – Buy & Redeem Paxful Voucher Instantly","1","0","visible","Top up or gift Paxful Voucher instantly with a secure, redeemable Paxful Voucher crypto voucher. Instant email delivery.","<p>The Paxful Voucher Crypto Gift Card is the fastest way to buy, gift, or top up Paxful Voucher without needing a bank card or long exchange sign-up. Choose your denomination at checkout and redeem the code directly into any supported crypto wallet or exchange account in minutes.</p><h3>Why buy the Paxful Voucher Crypto Gift Card here</h3><ul><li>Redeemable for Paxful Voucher on major supported wallets and exchanges</li><li>No bank account, credit card, or ID verification required at redemption</li><li>Fixed-value voucher, unaffected by checkout processing delays</li><li>Perfect for gifting, private top-ups, or first-time crypto buyers</li><li>Digital code sent instantly to your email after payment</li></ul><h3>How delivery &amp; redemption works</h3><p>After checkout you will instantly receive a unique redemption code by email. Open your supported wallet or exchange app, select ""Redeem Gift Card / Voucher"", enter the code, and your Paxful Voucher balance will be credited immediately.</p><p>Instant email delivery, 24/7 automated checkout, and multiple denominations are available so you can buy exactly what you need. All codes are sourced from authorized distributors and are ready to redeem immediately after purchase confirmation.</p>","10","","Gift Cards > Crypto Gift Cards","Paxful Voucher, crypto gift card, buy paxful voucher, cryptocurrency voucher, digital gift card","1","0","1","","Denomination","$10 | $25 | $50 | $100 | $250 | $500","1","1","Paxful Voucher gift card","Buy a Paxful Voucher crypto gift card online. Instant delivery, multiple denominations, secure redemption. Gift or top up Paxful Voucher today.",""
"1011","variable","CRYPTO-USDCOIN","USD Coin (USDC) Crypto Gift Card – Buy & Redeem USD Coin Instantly","1","0","visible","Top up or gift USD Coin instantly with a secure, redeemable USD Coin crypto voucher. Instant email delivery.","<p>The USD Coin (USDC) Crypto Gift Card is the fastest way to buy, gift, or top up USD Coin without needing a bank card or long exchange sign-up. Choose your denomination at checkout and redeem the code directly into any supported crypto wallet or exchange account in minutes.</p><h3>Why buy the USD Coin Crypto Gift Card here</h3><ul><li>Redeemable for USD Coin on major supported wallets and exchanges</li><li>No bank account, credit card, or ID verification required at redemption</li><li>Fixed-value voucher, unaffected by checkout processing delays</li><li>Perfect for gifting, private top-ups, or first-time crypto buyers</li><li>Digital code sent instantly to your email after payment</li></ul><h3>How delivery &amp; redemption works</h3><p>After checkout you will instantly receive a unique redemption code by email. Open your supported wallet or exchange app, select ""Redeem Gift Card / Voucher"", enter the code, and your USD Coin balance will be credited immediately.</p><p>Instant email delivery, 24/7 automated checkout, and multiple denominations are available so you can buy exactly what you need. All codes are sourced from authorized distributors and are ready to redeem immediately after purchase confirmation.</p>","10","","Gift Cards > Crypto Gift Cards","USD Coin, crypto gift card, buy usd coin, cryptocurrency voucher, digital gift card","1","0","1","","Denomination","$10 | $25 | $50 | $100 | $250 | $500","1","1","USD Coin gift card","Buy a USD Coin crypto gift card online. Instant delivery, multiple denominations, secure redemption. Gift or top up USD Coin today.",""
"1012","variable","WALLET-PAYPAL","PayPal Wallet Top-Up Gift Card – Instant Balance Recharge","1","0","visible","Top up your PayPal wallet balance instantly with a secure, prepaid PayPal gift card code.","<p>Recharge your PayPal account balance in seconds with this prepaid PayPal Wallet Top-Up Gift Card. Ideal for online shopping, sending money, subscriptions, or in-app purchases without linking a bank card.</p><h3>Why buy the PayPal Wallet Top-Up Gift Card here</h3><ul><li>Instantly adds funds to your PayPal wallet balance</li><li>No bank card details required at redemption</li><li>Great for online shopping, freelancer payouts, and subscriptions</li><li>Multiple denominations to match your exact top-up needs</li><li>Safe, prepaid alternative to linking a debit or credit card</li></ul><h3>How delivery &amp; redemption works</h3><p>You'll receive a redeemable code by email right after payment. Log in to your PayPal account, go to ""Add funds"" or ""Redeem code"", enter the voucher code, and your balance updates instantly.</p><p>Instant email delivery, 24/7 automated checkout, and multiple denominations are available so you can buy exactly what you need. All codes are sourced from authorized distributors and are ready to redeem immediately after purchase confirmation.</p>","10","","Gift Cards > Wallet Top-Up Gift Cards","PayPal, wallet top-up, paypal gift card, prepaid balance, e-wallet recharge","1","0","1","","Denomination","$10 | $25 | $50 | $100 | $200","1","1","PayPal gift card","Top up your PayPal wallet instantly with a prepaid PayPal gift card. Fast email delivery and secure redemption.",""
"1013","variable","WALLET-SKRILL","Skrill Wallet Top-Up Gift Card – Instant Balance Recharge","1","0","visible","Top up your Skrill wallet balance instantly with a secure, prepaid Skrill gift card code.","<p>Recharge your Skrill account balance in seconds with this prepaid Skrill Wallet Top-Up Gift Card. Ideal for online shopping, sending money, subscriptions, or in-app purchases without linking a bank card.</p><h3>Why buy the Skrill Wallet Top-Up Gift Card here</h3><ul><li>Instantly adds funds to your Skrill wallet balance</li><li>No bank card details required at redemption</li><li>Great for online shopping, freelancer payouts, and subscriptions</li><li>Multiple denominations to match your exact top-up needs</li><li>Safe, prepaid alternative to linking a debit or credit card</li></ul><h3>How delivery &amp; redemption works</h3><p>You'll receive a redeemable code by email right after payment. Log in to your Skrill account, go to ""Add funds"" or ""Redeem code"", enter the voucher code, and your balance updates instantly.</p><p>Instant email delivery, 24/7 automated checkout, and multiple denominations are available so you can buy exactly what you need. All codes are sourced from authorized distributors and are ready to redeem immediately after purchase confirmation.</p>","10","","Gift Cards > Wallet Top-Up Gift Cards","Skrill, wallet top-up, skrill gift card, prepaid balance, e-wallet recharge","1","0","1","","Denomination","$10 | $25 | $50 | $100 | $200","1","1","Skrill gift card","Top up your Skrill wallet instantly with a prepaid Skrill gift card. Fast email delivery and secure redemption.",""
"1014","variable","WALLET-NETELLER","Neteller Wallet Top-Up Gift Card – Instant Balance Recharge","1","0","visible","Top up your Neteller wallet balance instantly with a secure, prepaid Neteller gift card code.","<p>Recharge your Neteller account balance in seconds with this prepaid Neteller Wallet Top-Up Gift Card. Ideal for online shopping, sending money, subscriptions, or in-app purchases without linking a bank card.</p><h3>Why buy the Neteller Wallet Top-Up Gift Card here</h3><ul><li>Instantly adds funds to your Neteller wallet balance</li><li>No bank card details required at redemption</li><li>Great for online shopping, freelancer payouts, and subscriptions</li><li>Multiple denominations to match your exact top-up needs</li><li>Safe, prepaid alternative to linking a debit or credit card</li></ul><h3>How delivery &amp; redemption works</h3><p>You'll receive a redeemable code by email right after payment. Log in to your Neteller account, go to ""Add funds"" or ""Redeem code"", enter the voucher code, and your balance updates instantly.</p><p>Instant email delivery, 24/7 automated checkout, and multiple denominations are available so you can buy exactly what you need. All codes are sourced from authorized distributors and are ready to redeem immediately after purchase confirmation.</p>","10","","Gift Cards > Wallet Top-Up Gift Cards","Neteller, wallet top-up, neteller gift card, prepaid balance, e-wallet recharge","1","0","1","","Denomination","$10 | $25 | $50 | $100 | $200","1","1","Neteller gift card","Top up your Neteller wallet instantly with a prepaid Neteller gift card. Fast email delivery and secure redemption.",""
"1015","variable","WALLET-PAYONEER","Payoneer Wallet Top-Up Gift Card – Instant Balance Recharge","1","0","visible","Top up your Payoneer wallet balance instantly with a secure, prepaid Payoneer gift card code.","<p>Recharge your Payoneer account balance in seconds with this prepaid Payoneer Wallet Top-Up Gift Card. Ideal for online shopping, sending money, subscriptions, or in-app purchases without linking a bank card.</p><h3>Why buy the Payoneer Wallet Top-Up Gift Card here</h3><ul><li>Instantly adds funds to your Payoneer wallet balance</li><li>No bank card details required at redemption</li><li>Great for online shopping, freelancer payouts, and subscriptions</li><li>Multiple denominations to match your exact top-up needs</li><li>Safe, prepaid alternative to linking a debit or credit card</li></ul><h3>How delivery &amp; redemption works</h3><p>You'll receive a redeemable code by email right after payment. Log in to your Payoneer account, go to ""Add funds"" or ""Redeem code"", enter the voucher code, and your balance updates instantly.</p><p>Instant email delivery, 24/7 automated checkout, and multiple denominations are available so you can buy exactly what you need. All codes are sourced from authorized distributors and are ready to redeem immediately after purchase confirmation.</p>","10","","Gift Cards > Wallet Top-Up Gift Cards","Payoneer, wallet top-up, payoneer gift card, prepaid balance, e-wallet recharge","1","0","1","","Denomination","$10 | $25 | $50 | $100 | $200","1","1","Payoneer gift card","Top up your Payoneer wallet instantly with a prepaid Payoneer gift card. Fast email delivery and secure redemption.",""
"1016","variable","WALLET-PAYSAFECARD","Paysafecard Wallet Top-Up Gift Card – Instant Balance Recharge","1","0","visible","Top up your Paysafecard wallet balance instantly with a secure, prepaid Paysafecard gift card code.","<p>Recharge your Paysafecard account balance in seconds with this prepaid Paysafecard Wallet Top-Up Gift Card. Ideal for online shopping, sending money, subscriptions, or in-app purchases without linking a bank card.</p><h3>Why buy the Paysafecard Wallet Top-Up Gift Card here</h3><ul><li>Instantly adds funds to your Paysafecard wallet balance</li><li>No bank card details required at redemption</li><li>Great for online shopping, freelancer payouts, and subscriptions</li><li>Multiple denominations to match your exact top-up needs</li><li>Safe, prepaid alternative to linking a debit or credit card</li></ul><h3>How delivery &amp; redemption works</h3><p>You'll receive a redeemable code by email right after payment. Log in to your Paysafecard account, go to ""Add funds"" or ""Redeem code"", enter the voucher code, and your balance updates instantly.</p><p>Instant email delivery, 24/7 automated checkout, and multiple denominations are available so you can buy exactly what you need. All codes are sourced from authorized distributors and are ready to redeem immediately after purchase confirmation.</p>","10","","Gift Cards > Wallet Top-Up Gift Cards","Paysafecard, wallet top-up, paysafecard gift card, prepaid balance, e-wallet recharge","1","0","1","","Denomination","$10 | $25 | $50 | $100 | $200","1","1","Paysafecard gift card","Top up your Paysafecard wallet instantly with a prepaid Paysafecard gift card. Fast email delivery and secure redemption.",""
"1017","variable","WALLET-GOOGLEPAY","Google Pay Wallet Top-Up Gift Card – Instant Balance Recharge","1","0","visible","Top up your Google Pay wallet balance instantly with a secure, prepaid Google Pay gift card code.","<p>Recharge your Google Pay account balance in seconds with this prepaid Google Pay Wallet Top-Up Gift Card. Ideal for online shopping, sending money, subscriptions, or in-app purchases without linking a bank card.</p><h3>Why buy the Google Pay Wallet Top-Up Gift Card here</h3><ul><li>Instantly adds funds to your Google Pay wallet balance</li><li>No bank card details required at redemption</li><li>Great for online shopping, freelancer payouts, and subscriptions</li><li>Multiple denominations to match your exact top-up needs</li><li>Safe, prepaid alternative to linking a debit or credit card</li></ul><h3>How delivery &amp; redemption works</h3><p>You'll receive a redeemable code by email right after payment. Log in to your Google Pay account, go to ""Add funds"" or ""Redeem code"", enter the voucher code, and your balance updates instantly.</p><p>Instant email delivery, 24/7 automated checkout, and multiple denominations are available so you can buy exactly what you need. All codes are sourced from authorized distributors and are ready to redeem immediately after purchase confirmation.</p>","10","","Gift Cards > Wallet Top-Up Gift Cards","Google Pay, wallet top-up, google pay gift card, prepaid balance, e-wallet recharge","1","0","1","","Denomination","$10 | $25 | $50 | $100 | $200","1","1","Google Pay gift card","Top up your Google Pay wallet instantly with a prepaid Google Pay gift card. Fast email delivery and secure redemption.",""
"1018","variable","WALLET-APPLEPAYCASH","Apple Pay Cash Wallet Top-Up Gift Card – Instant Balance Recharge","1","0","visible","Top up your Apple Pay Cash wallet balance instantly with a secure, prepaid Apple Pay Cash gift card code.","<p>Recharge your Apple Pay Cash account balance in seconds with this prepaid Apple Pay Cash Wallet Top-Up Gift Card. Ideal for online shopping, sending money, subscriptions, or in-app purchases without linking a bank card.</p><h3>Why buy the Apple Pay Cash Wallet Top-Up Gift Card here</h3><ul><li>Instantly adds funds to your Apple Pay Cash wallet balance</li><li>No bank card details required at redemption</li><li>Great for online shopping, freelancer payouts, and subscriptions</li><li>Multiple denominations to match your exact top-up needs</li><li>Safe, prepaid alternative to linking a debit or credit card</li></ul><h3>How delivery &amp; redemption works</h3><p>You'll receive a redeemable code by email right after payment. Log in to your Apple Pay Cash account, go to ""Add funds"" or ""Redeem code"", enter the voucher code, and your balance updates instantly.</p><p>Instant email delivery, 24/7 automated checkout, and multiple denominations are available so you can buy exactly what you need. All codes are sourced from authorized distributors and are ready to redeem immediately after purchase confirmation.</p>","10","","Gift Cards > Wallet Top-Up Gift Cards","Apple Pay Cash, wallet top-up, apple pay cash gift card, prepaid balance, e-wallet recharge","1","0","1","","Denomination","$10 | $25 | $50 | $100 | $200","1","1","Apple Pay Cash gift card","Top up your Apple Pay Cash wallet instantly with a prepaid Apple Pay Cash gift card. Fast email delivery and secure redemption.",""
"1019","variable","WALLET-REVOLUT","Revolut Wallet Top-Up Gift Card – Instant Balance Recharge","1","0","visible","Top up your Revolut wallet balance instantly with a secure, prepaid Revolut gift card code.","<p>Recharge your Revolut account balance in seconds with this prepaid Revolut Wallet Top-Up Gift Card. Ideal for online shopping, sending money, subscriptions, or in-app purchases without linking a bank card.</p><h3>Why buy the Revolut Wallet Top-Up Gift Card here</h3><ul><li>Instantly adds funds to your Revolut wallet balance</li><li>No bank card details required at redemption</li><li>Great for online shopping, freelancer payouts, and subscriptions</li><li>Multiple denominations to match your exact top-up needs</li><li>Safe, prepaid alternative to linking a debit or credit card</li></ul><h3>How delivery &amp; redemption works</h3><p>You'll receive a redeemable code by email right after payment. Log in to your Revolut account, go to ""Add funds"" or ""Redeem code"", enter the voucher code, and your balance updates instantly.</p><p>Instant email delivery, 24/7 automated checkout, and multiple denominations are available so you can buy exactly what you need. All codes are sourced from authorized distributors and are ready to redeem immediately after purchase confirmation.</p>","10","","Gift Cards > Wallet Top-Up Gift Cards","Revolut, wallet top-up, revolut gift card, prepaid balance, e-wallet recharge","1","0","1","","Denomination","$10 | $25 | $50 | $100 | $200","1","1","Revolut gift card","Top up your Revolut wallet instantly with a prepaid Revolut gift card. Fast email delivery and secure redemption.",""
"1020","variable","SHOP-AMAZON","Amazon Shopping Gift Card – Digital Code for Online & In-Store Use","1","0","visible","Shop thousands of products with a digital Amazon gift card, delivered instantly by email.","<p>Give the gift of choice with a Amazon Shopping Gift Card. Perfect for birthdays, holidays, or treating yourself, this digital code can be applied straight to a Amazon account balance for online or in-store purchases, depending on regional availability.</p><h3>Why buy the Amazon Shopping Gift Card here</h3><ul><li>Redeemable on eligible Amazon purchases</li><li>No shipping cost or wait — delivered by email in minutes</li><li>Great last-minute gift for any occasion</li><li>Balance never expires on most denominations</li><li>Multiple gift amounts available to fit any budget</li></ul><h3>How delivery &amp; redemption works</h3><p>Your unique Amazon gift card code arrives by email immediately after checkout. Sign in to your Amazon account, navigate to ""Redeem a Gift Card"", and enter the code to add it to your balance.</p><p>Instant email delivery, 24/7 automated checkout, and multiple denominations are available so you can buy exactly what you need. All codes are sourced from authorized distributors and are ready to redeem immediately after purchase confirmation.</p>","10","","Gift Cards > Shopping Gift Cards","Amazon, amazon gift card, online shopping gift card, digital gift code, e-gift card","1","0","1","","Denomination","$10 | $25 | $50 | $100 | $200","1","1","Amazon gift card","Buy a Amazon gift card online with instant email delivery. Multiple denominations available for online and in-store shopping.",""
"1021","variable","SHOP-WALMART","Walmart Shopping Gift Card – Digital Code for Online & In-Store Use","1","0","visible","Shop thousands of products with a digital Walmart gift card, delivered instantly by email.","<p>Give the gift of choice with a Walmart Shopping Gift Card. Perfect for birthdays, holidays, or treating yourself, this digital code can be applied straight to a Walmart account balance for online or in-store purchases, depending on regional availability.</p><h3>Why buy the Walmart Shopping Gift Card here</h3><ul><li>Redeemable on eligible Walmart purchases</li><li>No shipping cost or wait — delivered by email in minutes</li><li>Great last-minute gift for any occasion</li><li>Balance never expires on most denominations</li><li>Multiple gift amounts available to fit any budget</li></ul><h3>How delivery &amp; redemption works</h3><p>Your unique Walmart gift card code arrives by email immediately after checkout. Sign in to your Walmart account, navigate to ""Redeem a Gift Card"", and enter the code to add it to your balance.</p><p>Instant email delivery, 24/7 automated checkout, and multiple denominations are available so you can buy exactly what you need. All codes are sourced from authorized distributors and are ready to redeem immediately after purchase confirmation.</p>","10","","Gift Cards > Shopping Gift Cards","Walmart, walmart gift card, online shopping gift card, digital gift code, e-gift card","1","0","1","","Denomination","$10 | $25 | $50 | $100 | $200","1","1","Walmart gift card","Buy a Walmart gift card online with instant email delivery. Multiple denominations available for online and in-store shopping.",""
"1022","variable","SHOP-EBAY","eBay Shopping Gift Card – Digital Code for Online & In-Store Use","1","0","visible","Shop thousands of products with a digital eBay gift card, delivered instantly by email.","<p>Give the gift of choice with a eBay Shopping Gift Card. Perfect for birthdays, holidays, or treating yourself, this digital code can be applied straight to a eBay account balance for online or in-store purchases, depending on regional availability.</p><h3>Why buy the eBay Shopping Gift Card here</h3><ul><li>Redeemable on eligible eBay purchases</li><li>No shipping cost or wait — delivered by email in minutes</li><li>Great last-minute gift for any occasion</li><li>Balance never expires on most denominations</li><li>Multiple gift amounts available to fit any budget</li></ul><h3>How delivery &amp; redemption works</h3><p>Your unique eBay gift card code arrives by email immediately after checkout. Sign in to your eBay account, navigate to ""Redeem a Gift Card"", and enter the code to add it to your balance.</p><p>Instant email delivery, 24/7 automated checkout, and multiple denominations are available so you can buy exactly what you need. All codes are sourced from authorized distributors and are ready to redeem immediately after purchase confirmation.</p>","10","","Gift Cards > Shopping Gift Cards","eBay, ebay gift card, online shopping gift card, digital gift code, e-gift card","1","0","1","","Denomination","$10 | $25 | $50 | $100 | $200","1","1","eBay gift card","Buy a eBay gift card online with instant email delivery. Multiple denominations available for online and in-store shopping.",""
"1023","variable","SHOP-TARGET","Target Shopping Gift Card – Digital Code for Online & In-Store Use","1","0","visible","Shop thousands of products with a digital Target gift card, delivered instantly by email.","<p>Give the gift of choice with a Target Shopping Gift Card. Perfect for birthdays, holidays, or treating yourself, this digital code can be applied straight to a Target account balance for online or in-store purchases, depending on regional availability.</p><h3>Why buy the Target Shopping Gift Card here</h3><ul><li>Redeemable on eligible Target purchases</li><li>No shipping cost or wait — delivered by email in minutes</li><li>Great last-minute gift for any occasion</li><li>Balance never expires on most denominations</li><li>Multiple gift amounts available to fit any budget</li></ul><h3>How delivery &amp; redemption works</h3><p>Your unique Target gift card code arrives by email immediately after checkout. Sign in to your Target account, navigate to ""Redeem a Gift Card"", and enter the code to add it to your balance.</p><p>Instant email delivery, 24/7 automated checkout, and multiple denominations are available so you can buy exactly what you need. All codes are sourced from authorized distributors and are ready to redeem immediately after purchase confirmation.</p>","10","","Gift Cards > Shopping Gift Cards","Target, target gift card, online shopping gift card, digital gift code, e-gift card","1","0","1","","Denomination","$10 | $25 | $50 | $100 | $200","1","1","Target gift card","Buy a Target gift card online with instant email delivery. Multiple denominations available for online and in-store shopping.",""
"1024","variable","SHOP-BESTBUY","Best Buy Shopping Gift Card – Digital Code for Online & In-Store Use","1","0","visible","Shop thousands of products with a digital Best Buy gift card, delivered instantly by email.","<p>Give the gift of choice with a Best Buy Shopping Gift Card. Perfect for birthdays, holidays, or treating yourself, this digital code can be applied straight to a Best Buy account balance for online or in-store purchases, depending on regional availability.</p><h3>Why buy the Best Buy Shopping Gift Card here</h3><ul><li>Redeemable on eligible Best Buy purchases</li><li>No shipping cost or wait — delivered by email in minutes</li><li>Great last-minute gift for any occasion</li><li>Balance never expires on most denominations</li><li>Multiple gift amounts available to fit any budget</li></ul><h3>How delivery &amp; redemption works</h3><p>Your unique Best Buy gift card code arrives by email immediately after checkout. Sign in to your Best Buy account, navigate to ""Redeem a Gift Card"", and enter the code to add it to your balance.</p><p>Instant email delivery, 24/7 automated checkout, and multiple denominations are available so you can buy exactly what you need. All codes are sourced from authorized distributors and are ready to redeem immediately after purchase confirmation.</p>","10","","Gift Cards > Shopping Gift Cards","Best Buy, best buy gift card, online shopping gift card, digital gift code, e-gift card","1","0","1","","Denomination","$10 | $25 | $50 | $100 | $200","1","1","Best Buy gift card","Buy a Best Buy gift card online with instant email delivery. Multiple denominations available for online and in-store shopping.",""
"1025","variable","SHOP-SEPHORA","Sephora Shopping Gift Card – Digital Code for Online & In-Store Use","1","0","visible","Shop thousands of products with a digital Sephora gift card, delivered instantly by email.","<p>Give the gift of choice with a Sephora Shopping Gift Card. Perfect for birthdays, holidays, or treating yourself, this digital code can be applied straight to a Sephora account balance for online or in-store purchases, depending on regional availability.</p><h3>Why buy the Sephora Shopping Gift Card here</h3><ul><li>Redeemable on eligible Sephora purchases</li><li>No shipping cost or wait — delivered by email in minutes</li><li>Great last-minute gift for any occasion</li><li>Balance never expires on most denominations</li><li>Multiple gift amounts available to fit any budget</li></ul><h3>How delivery &amp; redemption works</h3><p>Your unique Sephora gift card code arrives by email immediately after checkout. Sign in to your Sephora account, navigate to ""Redeem a Gift Card"", and enter the code to add it to your balance.</p><p>Instant email delivery, 24/7 automated checkout, and multiple denominations are available so you can buy exactly what you need. All codes are sourced from authorized distributors and are ready to redeem immediately after purchase confirmation.</p>","10","","Gift Cards > Shopping Gift Cards","Sephora, sephora gift card, online shopping gift card, digital gift code, e-gift card","1","0","1","","Denomination","$10 | $25 | $50 | $100 | $200","1","1","Sephora gift card","Buy a Sephora gift card online with instant email delivery. Multiple denominations available for online and in-store shopping.",""
"1026","variable","SHOP-NIKE","Nike Shopping Gift Card – Digital Code for Online & In-Store Use","1","0","visible","Shop thousands of products with a digital Nike gift card, delivered instantly by email.","<p>Give the gift of choice with a Nike Shopping Gift Card. Perfect for birthdays, holidays, or treating yourself, this digital code can be applied straight to a Nike account balance for online or in-store purchases, depending on regional availability.</p><h3>Why buy the Nike Shopping Gift Card here</h3><ul><li>Redeemable on eligible Nike purchases</li><li>No shipping cost or wait — delivered by email in minutes</li><li>Great last-minute gift for any occasion</li><li>Balance never expires on most denominations</li><li>Multiple gift amounts available to fit any budget</li></ul><h3>How delivery &amp; redemption works</h3><p>Your unique Nike gift card code arrives by email immediately after checkout. Sign in to your Nike account, navigate to ""Redeem a Gift Card"", and enter the code to add it to your balance.</p><p>Instant email delivery, 24/7 automated checkout, and multiple denominations are available so you can buy exactly what you need. All codes are sourced from authorized distributors and are ready to redeem immediately after purchase confirmation.</p>","10","","Gift Cards > Shopping Gift Cards","Nike, nike gift card, online shopping gift card, digital gift code, e-gift card","1","0","1","","Denomination","$10 | $25 | $50 | $100 | $200","1","1","Nike gift card","Buy a Nike gift card online with instant email delivery. Multiple denominations available for online and in-store shopping.",""
"1027","variable","SHOP-IKEA","IKEA Shopping Gift Card – Digital Code for Online & In-Store Use","1","0","visible","Shop thousands of products with a digital IKEA gift card, delivered instantly by email.","<p>Give the gift of choice with a IKEA Shopping Gift Card. Perfect for birthdays, holidays, or treating yourself, this digital code can be applied straight to a IKEA account balance for online or in-store purchases, depending on regional availability.</p><h3>Why buy the IKEA Shopping Gift Card here</h3><ul><li>Redeemable on eligible IKEA purchases</li><li>No shipping cost or wait — delivered by email in minutes</li><li>Great last-minute gift for any occasion</li><li>Balance never expires on most denominations</li><li>Multiple gift amounts available to fit any budget</li></ul><h3>How delivery &amp; redemption works</h3><p>Your unique IKEA gift card code arrives by email immediately after checkout. Sign in to your IKEA account, navigate to ""Redeem a Gift Card"", and enter the code to add it to your balance.</p><p>Instant email delivery, 24/7 automated checkout, and multiple denominations are available so you can buy exactly what you need. All codes are sourced from authorized distributors and are ready to redeem immediately after purchase confirmation.</p>","10","","Gift Cards > Shopping Gift Cards","IKEA, ikea gift card, online shopping gift card, digital gift code, e-gift card","1","0","1","","Denomination","$10 | $25 | $50 | $100 | $200","1","1","IKEA gift card","Buy a IKEA gift card online with instant email delivery. Multiple denominations available for online and in-store shopping.",""
"1028","variable","SHOP-HOMEDEPOT","Home Depot Shopping Gift Card – Digital Code for Online & In-Store Use","1","0","visible","Shop thousands of products with a digital Home Depot gift card, delivered instantly by email.","<p>Give the gift of choice with a Home Depot Shopping Gift Card. Perfect for birthdays, holidays, or treating yourself, this digital code can be applied straight to a Home Depot account balance for online or in-store purchases, depending on regional availability.</p><h3>Why buy the Home Depot Shopping Gift Card here</h3><ul><li>Redeemable on eligible Home Depot purchases</li><li>No shipping cost or wait — delivered by email in minutes</li><li>Great last-minute gift for any occasion</li><li>Balance never expires on most denominations</li><li>Multiple gift amounts available to fit any budget</li></ul><h3>How delivery &amp; redemption works</h3><p>Your unique Home Depot gift card code arrives by email immediately after checkout. Sign in to your Home Depot account, navigate to ""Redeem a Gift Card"", and enter the code to add it to your balance.</p><p>Instant email delivery, 24/7 automated checkout, and multiple denominations are available so you can buy exactly what you need. All codes are sourced from authorized distributors and are ready to redeem immediately after purchase confirmation.</p>","10","","Gift Cards > Shopping Gift Cards","Home Depot, home depot gift card, online shopping gift card, digital gift code, e-gift card","1","0","1","","Denomination","$10 | $25 | $50 | $100 | $200","1","1","Home Depot gift card","Buy a Home Depot gift card online with instant email delivery. Multiple denominations available for online and in-store shopping.",""
"1029","variable","SHOP-ALIEXPRESS","AliExpress Shopping Gift Card – Digital Code for Online & In-Store Use","1","0","visible","Shop thousands of products with a digital AliExpress gift card, delivered instantly by email.","<p>Give the gift of choice with a AliExpress Shopping Gift Card. Perfect for birthdays, holidays, or treating yourself, this digital code can be applied straight to a AliExpress account balance for online or in-store purchases, depending on regional availability.</p><h3>Why buy the AliExpress Shopping Gift Card here</h3><ul><li>Redeemable on eligible AliExpress purchases</li><li>No shipping cost or wait — delivered by email in minutes</li><li>Great last-minute gift for any occasion</li><li>Balance never expires on most denominations</li><li>Multiple gift amounts available to fit any budget</li></ul><h3>How delivery &amp; redemption works</h3><p>Your unique AliExpress gift card code arrives by email immediately after checkout. Sign in to your AliExpress account, navigate to ""Redeem a Gift Card"", and enter the code to add it to your balance.</p><p>Instant email delivery, 24/7 automated checkout, and multiple denominations are available so you can buy exactly what you need. All codes are sourced from authorized distributors and are ready to redeem immediately after purchase confirmation.</p>","10","","Gift Cards > Shopping Gift Cards","AliExpress, aliexpress gift card, online shopping gift card, digital gift code, e-gift card","1","0","1","","Denomination","$10 | $25 | $50 | $100 | $200","1","1","AliExpress gift card","Buy a AliExpress gift card online with instant email delivery. Multiple denominations available for online and in-store shopping.",""
"1030","variable","MUSIC-SPOTIFY","Spotify Music Gift Card – Prepaid Premium Subscription Code","1","0","visible","Unlock ad-free, high-quality music streaming with a prepaid Spotify gift card.","<p>Give unlimited music with a Spotify Music Gift Card. Redeem the code for account credit or Premium subscription time, enjoying ad-free streaming, offline downloads, and high-quality audio.</p><h3>Why buy the Spotify Music Gift Card here</h3><ul><li>Unlocks ad-free, on-demand music streaming</li><li>Credit can be used toward Premium subscription renewal</li><li>Works on mobile, desktop, and connected speakers</li><li>No credit card required to redeem</li><li>Instant digital delivery by email</li></ul><h3>How delivery &amp; redemption works</h3><p>After purchase, you'll receive a redemption code by email. Open the Spotify app or website, go to ""Redeem Gift Card"", and enter the code to add credit or extend your Premium plan.</p><p>Instant email delivery, 24/7 automated checkout, and multiple denominations are available so you can buy exactly what you need. All codes are sourced from authorized distributors and are ready to redeem immediately after purchase confirmation.</p>","10","","Gift Cards > Music Gift Cards","Spotify, music gift card, spotify premium, streaming gift card, prepaid subscription","1","0","1","","Denomination","$10 | $25 | $50 | $100","1","1","Spotify gift card","Buy a Spotify gift card and enjoy ad-free music streaming. Instant email delivery, multiple denominations.",""
"1031","variable","MUSIC-APPLEMUSIC","Apple Music Music Gift Card – Prepaid Premium Subscription Code","1","0","visible","Unlock ad-free, high-quality music streaming with a prepaid Apple Music gift card.","<p>Give unlimited music with a Apple Music Music Gift Card. Redeem the code for account credit or Premium subscription time, enjoying ad-free streaming, offline downloads, and high-quality audio.</p><h3>Why buy the Apple Music Music Gift Card here</h3><ul><li>Unlocks ad-free, on-demand music streaming</li><li>Credit can be used toward Premium subscription renewal</li><li>Works on mobile, desktop, and connected speakers</li><li>No credit card required to redeem</li><li>Instant digital delivery by email</li></ul><h3>How delivery &amp; redemption works</h3><p>After purchase, you'll receive a redemption code by email. Open the Apple Music app or website, go to ""Redeem Gift Card"", and enter the code to add credit or extend your Premium plan.</p><p>Instant email delivery, 24/7 automated checkout, and multiple denominations are available so you can buy exactly what you need. All codes are sourced from authorized distributors and are ready to redeem immediately after purchase confirmation.</p>","10","","Gift Cards > Music Gift Cards","Apple Music, music gift card, apple music premium, streaming gift card, prepaid subscription","1","0","1","","Denomination","$10 | $25 | $50 | $100","1","1","Apple Music gift card","Buy a Apple Music gift card and enjoy ad-free music streaming. Instant email delivery, multiple denominations.",""
"1032","variable","MUSIC-YOUTUBEMUSIC","YouTube Music Music Gift Card – Prepaid Premium Subscription Code","1","0","visible","Unlock ad-free, high-quality music streaming with a prepaid YouTube Music gift card.","<p>Give unlimited music with a YouTube Music Music Gift Card. Redeem the code for account credit or Premium subscription time, enjoying ad-free streaming, offline downloads, and high-quality audio.</p><h3>Why buy the YouTube Music Music Gift Card here</h3><ul><li>Unlocks ad-free, on-demand music streaming</li><li>Credit can be used toward Premium subscription renewal</li><li>Works on mobile, desktop, and connected speakers</li><li>No credit card required to redeem</li><li>Instant digital delivery by email</li></ul><h3>How delivery &amp; redemption works</h3><p>After purchase, you'll receive a redemption code by email. Open the YouTube Music app or website, go to ""Redeem Gift Card"", and enter the code to add credit or extend your Premium plan.</p><p>Instant email delivery, 24/7 automated checkout, and multiple denominations are available so you can buy exactly what you need. All codes are sourced from authorized distributors and are ready to redeem immediately after purchase confirmation.</p>","10","","Gift Cards > Music Gift Cards","YouTube Music, music gift card, youtube music premium, streaming gift card, prepaid subscription","1","0","1","","Denomination","$10 | $25 | $50 | $100","1","1","YouTube Music gift card","Buy a YouTube Music gift card and enjoy ad-free music streaming. Instant email delivery, multiple denominations.",""
"1033","variable","MUSIC-DEEZER","Deezer Music Gift Card – Prepaid Premium Subscription Code","1","0","visible","Unlock ad-free, high-quality music streaming with a prepaid Deezer gift card.","<p>Give unlimited music with a Deezer Music Gift Card. Redeem the code for account credit or Premium subscription time, enjoying ad-free streaming, offline downloads, and high-quality audio.</p><h3>Why buy the Deezer Music Gift Card here</h3><ul><li>Unlocks ad-free, on-demand music streaming</li><li>Credit can be used toward Premium subscription renewal</li><li>Works on mobile, desktop, and connected speakers</li><li>No credit card required to redeem</li><li>Instant digital delivery by email</li></ul><h3>How delivery &amp; redemption works</h3><p>After purchase, you'll receive a redemption code by email. Open the Deezer app or website, go to ""Redeem Gift Card"", and enter the code to add credit or extend your Premium plan.</p><p>Instant email delivery, 24/7 automated checkout, and multiple denominations are available so you can buy exactly what you need. All codes are sourced from authorized distributors and are ready to redeem immediately after purchase confirmation.</p>","10","","Gift Cards > Music Gift Cards","Deezer, music gift card, deezer premium, streaming gift card, prepaid subscription","1","0","1","","Denomination","$10 | $25 | $50 | $100","1","1","Deezer gift card","Buy a Deezer gift card and enjoy ad-free music streaming. Instant email delivery, multiple denominations.",""
"1034","variable","MUSIC-TIDAL","Tidal Music Gift Card – Prepaid Premium Subscription Code","1","0","visible","Unlock ad-free, high-quality music streaming with a prepaid Tidal gift card.","<p>Give unlimited music with a Tidal Music Gift Card. Redeem the code for account credit or Premium subscription time, enjoying ad-free streaming, offline downloads, and high-quality audio.</p><h3>Why buy the Tidal Music Gift Card here</h3><ul><li>Unlocks ad-free, on-demand music streaming</li><li>Credit can be used toward Premium subscription renewal</li><li>Works on mobile, desktop, and connected speakers</li><li>No credit card required to redeem</li><li>Instant digital delivery by email</li></ul><h3>How delivery &amp; redemption works</h3><p>After purchase, you'll receive a redemption code by email. Open the Tidal app or website, go to ""Redeem Gift Card"", and enter the code to add credit or extend your Premium plan.</p><p>Instant email delivery, 24/7 automated checkout, and multiple denominations are available so you can buy exactly what you need. All codes are sourced from authorized distributors and are ready to redeem immediately after purchase confirmation.</p>","10","","Gift Cards > Music Gift Cards","Tidal, music gift card, tidal premium, streaming gift card, prepaid subscription","1","0","1","","Denomination","$10 | $25 | $50 | $100","1","1","Tidal gift card","Buy a Tidal gift card and enjoy ad-free music streaming. Instant email delivery, multiple denominations.",""
"1035","variable","VOD-NETFLIX","Netflix VOD Gift Card – Streaming Subscription Credit","1","0","visible","Stream movies and shows without limits using a prepaid Netflix gift card.","<p>Keep the binge-watching going with a Netflix VOD Gift Card. This prepaid credit can be applied to a Netflix account to cover subscription fees, so you never miss the next episode or release.</p><h3>Why buy the Netflix VOD Gift Card here</h3><ul><li>Covers subscription renewal fees on your account</li><li>No card details required to redeem the code</li><li>Ideal gift for movie and TV fans</li><li>Works across supported streaming devices and apps</li><li>Delivered instantly by email after purchase</li></ul><h3>How delivery &amp; redemption works</h3><p>You'll receive your Netflix redemption code by email right after checkout. Sign in to your account, open ""Redeem Gift Card"" in account settings, and enter the code to apply the credit.</p><p>Instant email delivery, 24/7 automated checkout, and multiple denominations are available so you can buy exactly what you need. All codes are sourced from authorized distributors and are ready to redeem immediately after purchase confirmation.</p>","15","","Gift Cards > VOD Gift Cards","Netflix, netflix gift card, streaming gift card, VOD subscription credit, movie streaming gift card","1","0","1","","Denomination","$15 | $25 | $50 | $100","1","1","Netflix gift card","Buy a Netflix gift card to cover your streaming subscription. Fast delivery, multiple gift amounts.",""
"1036","variable","VOD-DISNEYPLUS","Disney+ VOD Gift Card – Streaming Subscription Credit","1","0","visible","Stream movies and shows without limits using a prepaid Disney+ gift card.","<p>Keep the binge-watching going with a Disney+ VOD Gift Card. This prepaid credit can be applied to a Disney+ account to cover subscription fees, so you never miss the next episode or release.</p><h3>Why buy the Disney+ VOD Gift Card here</h3><ul><li>Covers subscription renewal fees on your account</li><li>No card details required to redeem the code</li><li>Ideal gift for movie and TV fans</li><li>Works across supported streaming devices and apps</li><li>Delivered instantly by email after purchase</li></ul><h3>How delivery &amp; redemption works</h3><p>You'll receive your Disney+ redemption code by email right after checkout. Sign in to your account, open ""Redeem Gift Card"" in account settings, and enter the code to apply the credit.</p><p>Instant email delivery, 24/7 automated checkout, and multiple denominations are available so you can buy exactly what you need. All codes are sourced from authorized distributors and are ready to redeem immediately after purchase confirmation.</p>","15","","Gift Cards > VOD Gift Cards","Disney+, disney+ gift card, streaming gift card, VOD subscription credit, movie streaming gift card","1","0","1","","Denomination","$15 | $25 | $50 | $100","1","1","Disney+ gift card","Buy a Disney+ gift card to cover your streaming subscription. Fast delivery, multiple gift amounts.",""
"1037","variable","VOD-HBOMAX","HBO Max VOD Gift Card – Streaming Subscription Credit","1","0","visible","Stream movies and shows without limits using a prepaid HBO Max gift card.","<p>Keep the binge-watching going with a HBO Max VOD Gift Card. This prepaid credit can be applied to a HBO Max account to cover subscription fees, so you never miss the next episode or release.</p><h3>Why buy the HBO Max VOD Gift Card here</h3><ul><li>Covers subscription renewal fees on your account</li><li>No card details required to redeem the code</li><li>Ideal gift for movie and TV fans</li><li>Works across supported streaming devices and apps</li><li>Delivered instantly by email after purchase</li></ul><h3>How delivery &amp; redemption works</h3><p>You'll receive your HBO Max redemption code by email right after checkout. Sign in to your account, open ""Redeem Gift Card"" in account settings, and enter the code to apply the credit.</p><p>Instant email delivery, 24/7 automated checkout, and multiple denominations are available so you can buy exactly what you need. All codes are sourced from authorized distributors and are ready to redeem immediately after purchase confirmation.</p>","15","","Gift Cards > VOD Gift Cards","HBO Max, hbo max gift card, streaming gift card, VOD subscription credit, movie streaming gift card","1","0","1","","Denomination","$15 | $25 | $50 | $100","1","1","HBO Max gift card","Buy a HBO Max gift card to cover your streaming subscription. Fast delivery, multiple gift amounts.",""
"1038","variable","VOD-HULU","Hulu VOD Gift Card – Streaming Subscription Credit","1","0","visible","Stream movies and shows without limits using a prepaid Hulu gift card.","<p>Keep the binge-watching going with a Hulu VOD Gift Card. This prepaid credit can be applied to a Hulu account to cover subscription fees, so you never miss the next episode or release.</p><h3>Why buy the Hulu VOD Gift Card here</h3><ul><li>Covers subscription renewal fees on your account</li><li>No card details required to redeem the code</li><li>Ideal gift for movie and TV fans</li><li>Works across supported streaming devices and apps</li><li>Delivered instantly by email after purchase</li></ul><h3>How delivery &amp; redemption works</h3><p>You'll receive your Hulu redemption code by email right after checkout. Sign in to your account, open ""Redeem Gift Card"" in account settings, and enter the code to apply the credit.</p><p>Instant email delivery, 24/7 automated checkout, and multiple denominations are available so you can buy exactly what you need. All codes are sourced from authorized distributors and are ready to redeem immediately after purchase confirmation.</p>","15","","Gift Cards > VOD Gift Cards","Hulu, hulu gift card, streaming gift card, VOD subscription credit, movie streaming gift card","1","0","1","","Denomination","$15 | $25 | $50 | $100","1","1","Hulu gift card","Buy a Hulu gift card to cover your streaming subscription. Fast delivery, multiple gift amounts.",""
"1039","variable","VOD-AMAZONPRIMEVIDEO","Amazon Prime Video VOD Gift Card – Streaming Subscription Credit","1","0","visible","Stream movies and shows without limits using a prepaid Amazon Prime Video gift card.","<p>Keep the binge-watching going with a Amazon Prime Video VOD Gift Card. This prepaid credit can be applied to a Amazon Prime Video account to cover subscription fees, so you never miss the next episode or release.</p><h3>Why buy the Amazon Prime Video VOD Gift Card here</h3><ul><li>Covers subscription renewal fees on your account</li><li>No card details required to redeem the code</li><li>Ideal gift for movie and TV fans</li><li>Works across supported streaming devices and apps</li><li>Delivered instantly by email after purchase</li></ul><h3>How delivery &amp; redemption works</h3><p>You'll receive your Amazon Prime Video redemption code by email right after checkout. Sign in to your account, open ""Redeem Gift Card"" in account settings, and enter the code to apply the credit.</p><p>Instant email delivery, 24/7 automated checkout, and multiple denominations are available so you can buy exactly what you need. All codes are sourced from authorized distributors and are ready to redeem immediately after purchase confirmation.</p>","15","","Gift Cards > VOD Gift Cards","Amazon Prime Video, amazon prime video gift card, streaming gift card, VOD subscription credit, movie streaming gift card","1","0","1","","Denomination","$15 | $25 | $50 | $100","1","1","Amazon Prime Video gift card","Buy a Amazon Prime Video gift card to cover your streaming subscription. Fast delivery, multiple gift amounts.",""
"1040","variable","VOD-PARAMOUNTPLUS","Paramount+ VOD Gift Card – Streaming Subscription Credit","1","0","visible","Stream movies and shows without limits using a prepaid Paramount+ gift card.","<p>Keep the binge-watching going with a Paramount+ VOD Gift Card. This prepaid credit can be applied to a Paramount+ account to cover subscription fees, so you never miss the next episode or release.</p><h3>Why buy the Paramount+ VOD Gift Card here</h3><ul><li>Covers subscription renewal fees on your account</li><li>No card details required to redeem the code</li><li>Ideal gift for movie and TV fans</li><li>Works across supported streaming devices and apps</li><li>Delivered instantly by email after purchase</li></ul><h3>How delivery &amp; redemption works</h3><p>You'll receive your Paramount+ redemption code by email right after checkout. Sign in to your account, open ""Redeem Gift Card"" in account settings, and enter the code to apply the credit.</p><p>Instant email delivery, 24/7 automated checkout, and multiple denominations are available so you can buy exactly what you need. All codes are sourced from authorized distributors and are ready to redeem immediately after purchase confirmation.</p>","15","","Gift Cards > VOD Gift Cards","Paramount+, paramount+ gift card, streaming gift card, VOD subscription credit, movie streaming gift card","1","0","1","","Denomination","$15 | $25 | $50 | $100","1","1","Paramount+ gift card","Buy a Paramount+ gift card to cover your streaming subscription. Fast delivery, multiple gift amounts.",""
"1041","variable","GAME-PLAYSTATIONSTORE","PlayStation Store Gaming Gift Card – Digital Wallet Top-Up Code","1","0","visible","Top up your PlayStation Store wallet instantly to buy games, DLC, and in-game content.","<p>Load up your PlayStation Store account balance with this digital gift card and spend it on games, add-ons, season passes, or in-game currency across the PlayStation Store storefront.</p><h3>Why buy the PlayStation Store Gaming Gift Card here</h3><ul><li>Instantly credits your account's store wallet</li><li>Spend on full games, DLC, subscriptions, or in-game items</li><li>No card details required to redeem</li><li>Great gift for gamers of any age</li><li>Code delivered by email within minutes of purchase</li></ul><h3>How delivery &amp; redemption works</h3><p>Your PlayStation Store code is emailed instantly after checkout. Open the store on your console, PC, or mobile app, choose ""Redeem Code"", and enter the digits to top up your wallet balance.</p><p>Instant email delivery, 24/7 automated checkout, and multiple denominations are available so you can buy exactly what you need. All codes are sourced from authorized distributors and are ready to redeem immediately after purchase confirmation.</p>","10","","Gift Cards > Gaming Gift Cards","PlayStation Store, playstation store gift card, gaming wallet top-up, digital game credit, prepaid gaming card","1","0","1","","Denomination","$10 | $20 | $50 | $100","1","1","PlayStation Store gift card","Buy a PlayStation Store gift card online for instant wallet top-up. Use it on games, DLC, and in-game purchases.",""
"1042","variable","GAME-XBOX","Xbox Gaming Gift Card – Digital Wallet Top-Up Code","1","0","visible","Top up your Xbox wallet instantly to buy games, DLC, and in-game content.","<p>Load up your Xbox account balance with this digital gift card and spend it on games, add-ons, season passes, or in-game currency across the Xbox storefront.</p><h3>Why buy the Xbox Gaming Gift Card here</h3><ul><li>Instantly credits your account's store wallet</li><li>Spend on full games, DLC, subscriptions, or in-game items</li><li>No card details required to redeem</li><li>Great gift for gamers of any age</li><li>Code delivered by email within minutes of purchase</li></ul><h3>How delivery &amp; redemption works</h3><p>Your Xbox code is emailed instantly after checkout. Open the store on your console, PC, or mobile app, choose ""Redeem Code"", and enter the digits to top up your wallet balance.</p><p>Instant email delivery, 24/7 automated checkout, and multiple denominations are available so you can buy exactly what you need. All codes are sourced from authorized distributors and are ready to redeem immediately after purchase confirmation.</p>","10","","Gift Cards > Gaming Gift Cards","Xbox, xbox gift card, gaming wallet top-up, digital game credit, prepaid gaming card","1","0","1","","Denomination","$10 | $20 | $50 | $100","1","1","Xbox gift card","Buy a Xbox gift card online for instant wallet top-up. Use it on games, DLC, and in-game purchases.",""
"1043","variable","GAME-NINTENDOESHOP","Nintendo eShop Gaming Gift Card – Digital Wallet Top-Up Code","1","0","visible","Top up your Nintendo eShop wallet instantly to buy games, DLC, and in-game content.","<p>Load up your Nintendo eShop account balance with this digital gift card and spend it on games, add-ons, season passes, or in-game currency across the Nintendo eShop storefront.</p><h3>Why buy the Nintendo eShop Gaming Gift Card here</h3><ul><li>Instantly credits your account's store wallet</li><li>Spend on full games, DLC, subscriptions, or in-game items</li><li>No card details required to redeem</li><li>Great gift for gamers of any age</li><li>Code delivered by email within minutes of purchase</li></ul><h3>How delivery &amp; redemption works</h3><p>Your Nintendo eShop code is emailed instantly after checkout. Open the store on your console, PC, or mobile app, choose ""Redeem Code"", and enter the digits to top up your wallet balance.</p><p>Instant email delivery, 24/7 automated checkout, and multiple denominations are available so you can buy exactly what you need. All codes are sourced from authorized distributors and are ready to redeem immediately after purchase confirmation.</p>","10","","Gift Cards > Gaming Gift Cards","Nintendo eShop, nintendo eshop gift card, gaming wallet top-up, digital game credit, prepaid gaming card","1","0","1","","Denomination","$10 | $20 | $50 | $100","1","1","Nintendo eShop gift card","Buy a Nintendo eShop gift card online for instant wallet top-up. Use it on games, DLC, and in-game purchases.",""
"1044","variable","GAME-STEAMWALLET","Steam Wallet Gaming Gift Card – Digital Wallet Top-Up Code","1","0","visible","Top up your Steam Wallet wallet instantly to buy games, DLC, and in-game content.","<p>Load up your Steam Wallet account balance with this digital gift card and spend it on games, add-ons, season passes, or in-game currency across the Steam Wallet storefront.</p><h3>Why buy the Steam Wallet Gaming Gift Card here</h3><ul><li>Instantly credits your account's store wallet</li><li>Spend on full games, DLC, subscriptions, or in-game items</li><li>No card details required to redeem</li><li>Great gift for gamers of any age</li><li>Code delivered by email within minutes of purchase</li></ul><h3>How delivery &amp; redemption works</h3><p>Your Steam Wallet code is emailed instantly after checkout. Open the store on your console, PC, or mobile app, choose ""Redeem Code"", and enter the digits to top up your wallet balance.</p><p>Instant email delivery, 24/7 automated checkout, and multiple denominations are available so you can buy exactly what you need. All codes are sourced from authorized distributors and are ready to redeem immediately after purchase confirmation.</p>","10","","Gift Cards > Gaming Gift Cards","Steam Wallet, steam wallet gift card, gaming wallet top-up, digital game credit, prepaid gaming card","1","0","1","","Denomination","$10 | $20 | $50 | $100","1","1","Steam Wallet gift card","Buy a Steam Wallet gift card online for instant wallet top-up. Use it on games, DLC, and in-game purchases.",""
"1045","variable","GAME-GOOGLEPLAY","Google Play Gaming Gift Card – Digital Wallet Top-Up Code","1","0","visible","Top up your Google Play wallet instantly to buy games, DLC, and in-game content.","<p>Load up your Google Play account balance with this digital gift card and spend it on games, add-ons, season passes, or in-game currency across the Google Play storefront.</p><h3>Why buy the Google Play Gaming Gift Card here</h3><ul><li>Instantly credits your account's store wallet</li><li>Spend on full games, DLC, subscriptions, or in-game items</li><li>No card details required to redeem</li><li>Great gift for gamers of any age</li><li>Code delivered by email within minutes of purchase</li></ul><h3>How delivery &amp; redemption works</h3><p>Your Google Play code is emailed instantly after checkout. Open the store on your console, PC, or mobile app, choose ""Redeem Code"", and enter the digits to top up your wallet balance.</p><p>Instant email delivery, 24/7 automated checkout, and multiple denominations are available so you can buy exactly what you need. All codes are sourced from authorized distributors and are ready to redeem immediately after purchase confirmation.</p>","10","","Gift Cards > Gaming Gift Cards","Google Play, google play gift card, gaming wallet top-up, digital game credit, prepaid gaming card","1","0","1","","Denomination","$10 | $20 | $50 | $100","1","1","Google Play gift card","Buy a Google Play gift card online for instant wallet top-up. Use it on games, DLC, and in-game purchases.",""
"1046","variable","GAME-ROBLOX","Roblox Gaming Gift Card – Digital Wallet Top-Up Code","1","0","visible","Top up your Roblox wallet instantly to buy games, DLC, and in-game content.","<p>Load up your Roblox account balance with this digital gift card and spend it on games, add-ons, season passes, or in-game currency across the Roblox storefront.</p><h3>Why buy the Roblox Gaming Gift Card here</h3><ul><li>Instantly credits your account's store wallet</li><li>Spend on full games, DLC, subscriptions, or in-game items</li><li>No card details required to redeem</li><li>Great gift for gamers of any age</li><li>Code delivered by email within minutes of purchase</li></ul><h3>How delivery &amp; redemption works</h3><p>Your Roblox code is emailed instantly after checkout. Open the store on your console, PC, or mobile app, choose ""Redeem Code"", and enter the digits to top up your wallet balance.</p><p>Instant email delivery, 24/7 automated checkout, and multiple denominations are available so you can buy exactly what you need. All codes are sourced from authorized distributors and are ready to redeem immediately after purchase confirmation.</p>","10","","Gift Cards > Gaming Gift Cards","Roblox, roblox gift card, gaming wallet top-up, digital game credit, prepaid gaming card","1","0","1","","Denomination","$10 | $20 | $50 | $100","1","1","Roblox gift card","Buy a Roblox gift card online for instant wallet top-up. Use it on games, DLC, and in-game purchases.",""
"1047","variable","ADULT-PREMIUM-1","Premium Adult Membership Gift Card – Prepaid Membership Credit","1","0","visible","Prepaid credit for an premium adult membership gift card redeemed instantly by email, no card details needed.","<p>This Premium Adult Membership Gift Card provides prepaid credit that can be applied toward eligible membership or subscription fees on the relevant platform, offering a discreet, card-free way to pay.</p><h3>Why buy the Premium Adult Membership Gift Card  here</h3><ul><li>Discreet purchase and delivery — no personal card details shown at redemption</li><li>Applied directly as account credit toward membership fees</li><li>Delivered instantly by email after payment confirmation</li><li>Multiple credit amounts available</li><li>Simple redemption process inside the platform's account settings</li></ul><h3>How delivery &amp; redemption works</h3><p>After checkout you will receive a redemption code by email. Log in to the relevant platform account, open the billing or wallet section, and enter the code to apply your credit.</p><p>Instant email delivery, 24/7 automated checkout, and multiple denominations are available so you can buy exactly what you need. All codes are sourced from authorized distributors and are ready to redeem immediately after purchase confirmation.</p>","20","","Gift Cards > Adult Services Gift Cards","adult gift card, prepaid membership credit, discreet gift card","1","0","1","","Denomination","$20 | $50 | $100","1","1","premium adult membership gift card","Buy a discreet premium adult membership gift card online. Instant email delivery, no card details required at redemption.",""
"1048","variable","ADULT-ADULT-2","Adult Streaming Platform Gift Card – Prepaid Membership Credit","1","0","visible","Prepaid credit for an adult streaming platform gift card redeemed instantly by email, no card details needed.","<p>This Adult Streaming Platform Gift Card provides prepaid credit that can be applied toward eligible membership or subscription fees on the relevant platform, offering a discreet, card-free way to pay.</p><h3>Why buy the Adult Streaming Platform Gift Card  here</h3><ul><li>Discreet purchase and delivery — no personal card details shown at redemption</li><li>Applied directly as account credit toward membership fees</li><li>Delivered instantly by email after payment confirmation</li><li>Multiple credit amounts available</li><li>Simple redemption process inside the platform's account settings</li></ul><h3>How delivery &amp; redemption works</h3><p>After checkout you will receive a redemption code by email. Log in to the relevant platform account, open the billing or wallet section, and enter the code to apply your credit.</p><p>Instant email delivery, 24/7 automated checkout, and multiple denominations are available so you can buy exactly what you need. All codes are sourced from authorized distributors and are ready to redeem immediately after purchase confirmation.</p>","20","","Gift Cards > Adult Services Gift Cards","adult gift card, prepaid membership credit, discreet gift card","1","0","1","","Denomination","$20 | $50 | $100","1","1","adult streaming platform gift card","Buy a discreet adult streaming platform gift card online. Instant email delivery, no card details required at redemption.",""
"1049","variable","ADULT-ADULT-3","Adult Content Subscription Gift Card – Prepaid Membership Credit","1","0","visible","Prepaid credit for an adult content subscription gift card redeemed instantly by email, no card details needed.","<p>This Adult Content Subscription Gift Card provides prepaid credit that can be applied toward eligible membership or subscription fees on the relevant platform, offering a discreet, card-free way to pay.</p><h3>Why buy the Adult Content Subscription Gift Card  here</h3><ul><li>Discreet purchase and delivery — no personal card details shown at redemption</li><li>Applied directly as account credit toward membership fees</li><li>Delivered instantly by email after payment confirmation</li><li>Multiple credit amounts available</li><li>Simple redemption process inside the platform's account settings</li></ul><h3>How delivery &amp; redemption works</h3><p>After checkout you will receive a redemption code by email. Log in to the relevant platform account, open the billing or wallet section, and enter the code to apply your credit.</p><p>Instant email delivery, 24/7 automated checkout, and multiple denominations are available so you can buy exactly what you need. All codes are sourced from authorized distributors and are ready to redeem immediately after purchase confirmation.</p>","20","","Gift Cards > Adult Services Gift Cards","adult gift card, prepaid membership credit, discreet gift card","1","0","1","","Denomination","$20 | $50 | $100","1","1","adult content subscription gift card","Buy a discreet adult content subscription gift card online. Instant email delivery, no card details required at redemption.",""
"1050","variable","ADULT-ADULT-4","Adult Dating Platform Gift Card – Prepaid Membership Credit","1","0","visible","Prepaid credit for an adult dating platform gift card redeemed instantly by email, no card details needed.","<p>This Adult Dating Platform Gift Card provides prepaid credit that can be applied toward eligible membership or subscription fees on the relevant platform, offering a discreet, card-free way to pay.</p><h3>Why buy the Adult Dating Platform Gift Card  here</h3><ul><li>Discreet purchase and delivery — no personal card details shown at redemption</li><li>Applied directly as account credit toward membership fees</li><li>Delivered instantly by email after payment confirmation</li><li>Multiple credit amounts available</li><li>Simple redemption process inside the platform's account settings</li></ul><h3>How delivery &amp; redemption works</h3><p>After checkout you will receive a redemption code by email. Log in to the relevant platform account, open the billing or wallet section, and enter the code to apply your credit.</p><p>Instant email delivery, 24/7 automated checkout, and multiple denominations are available so you can buy exactly what you need. All codes are sourced from authorized distributors and are ready to redeem immediately after purchase confirmation.</p>","20","","Gift Cards > Adult Services Gift Cards","adult gift card, prepaid membership credit, discreet gift card","1","0","1","","Denomination","$20 | $50 | $100","1","1","adult dating platform gift card","Buy a discreet adult dating platform gift card online. Instant email delivery, no card details required at redemption.",""
"1051","variable","ADULT-ADULT-5","Adult Cam Site Credit Gift Card – Prepaid Membership Credit","1","0","visible","Prepaid credit for an adult cam site credit gift card redeemed instantly by email, no card details needed.","<p>This Adult Cam Site Credit Gift Card provides prepaid credit that can be applied toward eligible membership or subscription fees on the relevant platform, offering a discreet, card-free way to pay.</p><h3>Why buy the Adult Cam Site Credit Gift Card  here</h3><ul><li>Discreet purchase and delivery — no personal card details shown at redemption</li><li>Applied directly as account credit toward membership fees</li><li>Delivered instantly by email after payment confirmation</li><li>Multiple credit amounts available</li><li>Simple redemption process inside the platform's account settings</li></ul><h3>How delivery &amp; redemption works</h3><p>After checkout you will receive a redemption code by email. Log in to the relevant platform account, open the billing or wallet section, and enter the code to apply your credit.</p><p>Instant email delivery, 24/7 automated checkout, and multiple denominations are available so you can buy exactly what you need. All codes are sourced from authorized distributors and are ready to redeem immediately after purchase confirmation.</p>","20","","Gift Cards > Adult Services Gift Cards","adult gift card, prepaid membership credit, discreet gift card","1","0","1","","Denomination","$20 | $50 | $100","1","1","adult cam site credit gift card","Buy a discreet adult cam site credit gift card online. Instant email delivery, no card details required at redemption.",""
"1052","variable","SOCIAL-DISCORDNITRO","Discord Nitro Social Media Gift Card – Discord Nitro Gift Subscription Code","1","0","visible","Gift or top up Discord Nitro instantly with a secure, prepaid digital code.","<p>Surprise a friend or top up your own account with a Discord Nitro Social Media Gift Card. Use the credit toward premium features, coins, subscriptions, or creator support directly on the platform.</p><h3>Why buy the Discord Nitro Social Media Gift Card here</h3><ul><li>Redeemable for Discord Nitro credit, coins, or premium features</li><li>No card details required at redemption</li><li>Great gift for content creators, streamers, and everyday users</li><li>Multiple denominations to fit any budget</li><li>Instant email delivery after purchase</li></ul><h3>How delivery &amp; redemption works</h3><p>You'll receive your Discord Nitro redemption code by email immediately after checkout. Open the Discord Nitro app, go to account or wallet settings, select ""Redeem Code"", and enter the digits to apply your credit.</p><p>Instant email delivery, 24/7 automated checkout, and multiple denominations are available so you can buy exactly what you need. All codes are sourced from authorized distributors and are ready to redeem immediately after purchase confirmation.</p>","10","","Gift Cards > Social Media Gift Cards","Discord Nitro, discord nitro gift card, social media credit, digital gift code","1","0","1","","Denomination","$10 | $25 | $50 | $100","1","1","Discord Nitro gift card","Buy a Discord Nitro gift card online with instant delivery. Top up coins, subscriptions, or premium features.",""
"1053","variable","SOCIAL-TIKTOKCOINS","TikTok Coins Social Media Gift Card – TikTok Coins Top-Up Gift Card","1","0","visible","Gift or top up TikTok Coins instantly with a secure, prepaid digital code.","<p>Surprise a friend or top up your own account with a TikTok Coins Social Media Gift Card. Use the credit toward premium features, coins, subscriptions, or creator support directly on the platform.</p><h3>Why buy the TikTok Coins Social Media Gift Card here</h3><ul><li>Redeemable for TikTok Coins credit, coins, or premium features</li><li>No card details required at redemption</li><li>Great gift for content creators, streamers, and everyday users</li><li>Multiple denominations to fit any budget</li><li>Instant email delivery after purchase</li></ul><h3>How delivery &amp; redemption works</h3><p>You'll receive your TikTok Coins redemption code by email immediately after checkout. Open the TikTok Coins app, go to account or wallet settings, select ""Redeem Code"", and enter the digits to apply your credit.</p><p>Instant email delivery, 24/7 automated checkout, and multiple denominations are available so you can buy exactly what you need. All codes are sourced from authorized distributors and are ready to redeem immediately after purchase confirmation.</p>","5","","Gift Cards > Social Media Gift Cards","TikTok Coins, tiktok coins gift card, social media credit, digital gift code","1","0","1","","Denomination","$5 | $10 | $25 | $50 | $100","1","1","TikTok Coins gift card","Buy a TikTok Coins gift card online with instant delivery. Top up coins, subscriptions, or premium features.",""
"1054","variable","SOCIAL-TWITCH","Twitch Social Media Gift Card – Twitch Bits & Subscription Gift Card","1","0","visible","Gift or top up Twitch instantly with a secure, prepaid digital code.","<p>Surprise a friend or top up your own account with a Twitch Social Media Gift Card. Use the credit toward premium features, coins, subscriptions, or creator support directly on the platform.</p><h3>Why buy the Twitch Social Media Gift Card here</h3><ul><li>Redeemable for Twitch credit, coins, or premium features</li><li>No card details required at redemption</li><li>Great gift for content creators, streamers, and everyday users</li><li>Multiple denominations to fit any budget</li><li>Instant email delivery after purchase</li></ul><h3>How delivery &amp; redemption works</h3><p>You'll receive your Twitch redemption code by email immediately after checkout. Open the Twitch app, go to account or wallet settings, select ""Redeem Code"", and enter the digits to apply your credit.</p><p>Instant email delivery, 24/7 automated checkout, and multiple denominations are available so you can buy exactly what you need. All codes are sourced from authorized distributors and are ready to redeem immediately after purchase confirmation.</p>","10","","Gift Cards > Social Media Gift Cards","Twitch, twitch gift card, social media credit, digital gift code","1","0","1","","Denomination","$10 | $25 | $50 | $100","1","1","Twitch gift card","Buy a Twitch gift card online with instant delivery. Top up coins, subscriptions, or premium features.",""
"1055","variable","SOCIAL-SNAPCHATPLUS","Snapchat+ Social Media Gift Card – Snapchat+ Subscription Gift Card","1","0","visible","Gift or top up Snapchat+ instantly with a secure, prepaid digital code.","<p>Surprise a friend or top up your own account with a Snapchat+ Social Media Gift Card. Use the credit toward premium features, coins, subscriptions, or creator support directly on the platform.</p><h3>Why buy the Snapchat+ Social Media Gift Card here</h3><ul><li>Redeemable for Snapchat+ credit, coins, or premium features</li><li>No card details required at redemption</li><li>Great gift for content creators, streamers, and everyday users</li><li>Multiple denominations to fit any budget</li><li>Instant email delivery after purchase</li></ul><h3>How delivery &amp; redemption works</h3><p>You'll receive your Snapchat+ redemption code by email immediately after checkout. Open the Snapchat+ app, go to account or wallet settings, select ""Redeem Code"", and enter the digits to apply your credit.</p><p>Instant email delivery, 24/7 automated checkout, and multiple denominations are available so you can buy exactly what you need. All codes are sourced from authorized distributors and are ready to redeem immediately after purchase confirmation.</p>","5","","Gift Cards > Social Media Gift Cards","Snapchat+, snapchat+ gift card, social media credit, digital gift code","1","0","1","","Denomination","$5 | $10 | $25","1","1","Snapchat+ gift card","Buy a Snapchat+ gift card online with instant delivery. Top up coins, subscriptions, or premium features.",""
"1056","variable","SOCIAL-TELEGRAMPREMIUM","Telegram Premium Social Media Gift Card – Telegram Premium Gift Subscription Code","1","0","visible","Gift or top up Telegram Premium instantly with a secure, prepaid digital code.","<p>Surprise a friend or top up your own account with a Telegram Premium Social Media Gift Card. Use the credit toward premium features, coins, subscriptions, or creator support directly on the platform.</p><h3>Why buy the Telegram Premium Social Media Gift Card here</h3><ul><li>Redeemable for Telegram Premium credit, coins, or premium features</li><li>No card details required at redemption</li><li>Great gift for content creators, streamers, and everyday users</li><li>Multiple denominations to fit any budget</li><li>Instant email delivery after purchase</li></ul><h3>How delivery &amp; redemption works</h3><p>You'll receive your Telegram Premium redemption code by email immediately after checkout. Open the Telegram Premium app, go to account or wallet settings, select ""Redeem Code"", and enter the digits to apply your credit.</p><p>Instant email delivery, 24/7 automated checkout, and multiple denominations are available so you can buy exactly what you need. All codes are sourced from authorized distributors and are ready to redeem immediately after purchase confirmation.</p>","10","","Gift Cards > Social Media Gift Cards","Telegram Premium, telegram premium gift card, social media credit, digital gift code","1","0","1","","Denomination","$10 | $25 | $50","1","1","Telegram Premium gift card","Buy a Telegram Premium gift card online with instant delivery. Top up coins, subscriptions, or premium features.",""
"1057","variable","SOCIAL-XPREMIUM","X Premium Social Media Gift Card – X (Twitter) Premium Gift Subscription Code","1","0","visible","Gift or top up X Premium instantly with a secure, prepaid digital code.","<p>Surprise a friend or top up your own account with a X Premium Social Media Gift Card. Use the credit toward premium features, coins, subscriptions, or creator support directly on the platform.</p><h3>Why buy the X Premium Social Media Gift Card here</h3><ul><li>Redeemable for X Premium credit, coins, or premium features</li><li>No card details required at redemption</li><li>Great gift for content creators, streamers, and everyday users</li><li>Multiple denominations to fit any budget</li><li>Instant email delivery after purchase</li></ul><h3>How delivery &amp; redemption works</h3><p>You'll receive your X Premium redemption code by email immediately after checkout. Open the X Premium app, go to account or wallet settings, select ""Redeem Code"", and enter the digits to apply your credit.</p><p>Instant email delivery, 24/7 automated checkout, and multiple denominations are available so you can buy exactly what you need. All codes are sourced from authorized distributors and are ready to redeem immediately after purchase confirmation.</p>","10","","Gift Cards > Social Media Gift Cards","X Premium, x premium gift card, social media credit, digital gift code","1","0","1","","Denomination","$10 | $25 | $50","1","1","X Premium gift card","Buy a X Premium gift card online with instant delivery. Top up coins, subscriptions, or premium features.",""
"1058","variable","AI-CHATGPTPLUS","ChatGPT Plus Subscription – AI Assistant Premium Access (OpenAI)","1","0","visible","Unlock premium ChatGPT Plus access with faster responses, higher limits, and priority features.","<p>Upgrade your workflow with a ChatGPT Plus subscription. Get priority access to the latest OpenAI AI models, higher usage limits, and premium features not available on the free tier — activated on your own account.</p><h3>Why buy the ChatGPT Plus Subscription here</h3><ul><li>Priority access to the latest AI models and features</li><li>Higher usage limits than the free plan</li><li>Faster response times during peak hours</li><li>Activated directly on your personal account</li><li>Flexible plan lengths to match your usage needs</li></ul><h3>How delivery &amp; redemption works</h3><p>After purchase, follow the activation instructions sent to your email — either an upgrade link for your own account or a ready-made login, depending on the plan you choose at checkout.</p><p>Instant email delivery, 24/7 automated checkout, and multiple denominations are available so you can buy exactly what you need. All codes are sourced from authorized distributors and are ready to redeem immediately after purchase confirmation.</p>","20","","AI Tools > Subscriptions","ChatGPT Plus, chatgpt plus subscription, ai tools, openai ai, premium ai access","1","0","1","","Plan","1 Month - $20 | 3 Months - $55 | 12 Months - $200","1","1","ChatGPT Plus subscription","Buy a ChatGPT Plus subscription for premium AI features and higher usage limits. Fast activation, flexible plans.",""
"1059","variable","AI-CLAUDEPRO","Claude Pro Subscription – AI Assistant Premium Access (Anthropic)","1","0","visible","Unlock premium Claude Pro access with faster responses, higher limits, and priority features.","<p>Upgrade your workflow with a Claude Pro subscription. Get priority access to the latest Anthropic AI models, higher usage limits, and premium features not available on the free tier — activated on your own account.</p><h3>Why buy the Claude Pro Subscription here</h3><ul><li>Priority access to the latest AI models and features</li><li>Higher usage limits than the free plan</li><li>Faster response times during peak hours</li><li>Activated directly on your personal account</li><li>Flexible plan lengths to match your usage needs</li></ul><h3>How delivery &amp; redemption works</h3><p>After purchase, follow the activation instructions sent to your email — either an upgrade link for your own account or a ready-made login, depending on the plan you choose at checkout.</p><p>Instant email delivery, 24/7 automated checkout, and multiple denominations are available so you can buy exactly what you need. All codes are sourced from authorized distributors and are ready to redeem immediately after purchase confirmation.</p>","20","","AI Tools > Subscriptions","Claude Pro, claude pro subscription, ai tools, anthropic ai, premium ai access","1","0","1","","Plan","1 Month - $20 | 3 Months - $55 | 12 Months - $200","1","1","Claude Pro subscription","Buy a Claude Pro subscription for premium AI features and higher usage limits. Fast activation, flexible plans.",""
"1060","variable","AI-PERPLEXITYPRO","Perplexity Pro Subscription – AI Assistant Premium Access (Perplexity AI)","1","0","visible","Unlock premium Perplexity Pro access with faster responses, higher limits, and priority features.","<p>Upgrade your workflow with a Perplexity Pro subscription. Get priority access to the latest Perplexity AI AI models, higher usage limits, and premium features not available on the free tier — activated on your own account.</p><h3>Why buy the Perplexity Pro Subscription here</h3><ul><li>Priority access to the latest AI models and features</li><li>Higher usage limits than the free plan</li><li>Faster response times during peak hours</li><li>Activated directly on your personal account</li><li>Flexible plan lengths to match your usage needs</li></ul><h3>How delivery &amp; redemption works</h3><p>After purchase, follow the activation instructions sent to your email — either an upgrade link for your own account or a ready-made login, depending on the plan you choose at checkout.</p><p>Instant email delivery, 24/7 automated checkout, and multiple denominations are available so you can buy exactly what you need. All codes are sourced from authorized distributors and are ready to redeem immediately after purchase confirmation.</p>","20","","AI Tools > Subscriptions","Perplexity Pro, perplexity pro subscription, ai tools, perplexity ai ai, premium ai access","1","0","1","","Plan","1 Month - $20 | 12 Months - $200","1","1","Perplexity Pro subscription","Buy a Perplexity Pro subscription for premium AI features and higher usage limits. Fast activation, flexible plans.",""
"1061","variable","AI-CAPCUTPRO","CapCut Pro Subscription – AI Assistant Premium Access (CapCut)","1","0","visible","Unlock premium CapCut Pro access with faster responses, higher limits, and priority features.","<p>Upgrade your workflow with a CapCut Pro subscription. Get priority access to the latest CapCut AI models, higher usage limits, and premium features not available on the free tier — activated on your own account.</p><h3>Why buy the CapCut Pro Subscription here</h3><ul><li>Priority access to the latest AI models and features</li><li>Higher usage limits than the free plan</li><li>Faster response times during peak hours</li><li>Activated directly on your personal account</li><li>Flexible plan lengths to match your usage needs</li></ul><h3>How delivery &amp; redemption works</h3><p>After purchase, follow the activation instructions sent to your email — either an upgrade link for your own account or a ready-made login, depending on the plan you choose at checkout.</p><p>Instant email delivery, 24/7 automated checkout, and multiple denominations are available so you can buy exactly what you need. All codes are sourced from authorized distributors and are ready to redeem immediately after purchase confirmation.</p>","10","","AI Tools > Subscriptions","CapCut Pro, capcut pro subscription, ai tools, capcut ai, premium ai access","1","0","1","","Plan","1 Month - $10 | 3 Months - $25 | 12 Months - $80","1","1","CapCut Pro subscription","Buy a CapCut Pro subscription for premium AI features and higher usage limits. Fast activation, flexible plans.",""
"1062","variable","AI-CANVAPRO","Canva Pro Subscription – AI Assistant Premium Access (Canva)","1","0","visible","Unlock premium Canva Pro access with faster responses, higher limits, and priority features.","<p>Upgrade your workflow with a Canva Pro subscription. Get priority access to the latest Canva AI models, higher usage limits, and premium features not available on the free tier — activated on your own account.</p><h3>Why buy the Canva Pro Subscription here</h3><ul><li>Priority access to the latest AI models and features</li><li>Higher usage limits than the free plan</li><li>Faster response times during peak hours</li><li>Activated directly on your personal account</li><li>Flexible plan lengths to match your usage needs</li></ul><h3>How delivery &amp; redemption works</h3><p>After purchase, follow the activation instructions sent to your email — either an upgrade link for your own account or a ready-made login, depending on the plan you choose at checkout.</p><p>Instant email delivery, 24/7 automated checkout, and multiple denominations are available so you can buy exactly what you need. All codes are sourced from authorized distributors and are ready to redeem immediately after purchase confirmation.</p>","13","","AI Tools > Subscriptions","Canva Pro, canva pro subscription, ai tools, canva ai, premium ai access","1","0","1","","Plan","1 Month - $13 | 12 Months - $120","1","1","Canva Pro subscription","Buy a Canva Pro subscription for premium AI features and higher usage limits. Fast activation, flexible plans.",""
"1063","variable","AI-GEMINIADVANCED","Gemini Advanced Subscription – AI Assistant Premium Access (Google)","1","0","visible","Unlock premium Gemini Advanced access with faster responses, higher limits, and priority features.","<p>Upgrade your workflow with a Gemini Advanced subscription. Get priority access to the latest Google AI models, higher usage limits, and premium features not available on the free tier — activated on your own account.</p><h3>Why buy the Gemini Advanced Subscription here</h3><ul><li>Priority access to the latest AI models and features</li><li>Higher usage limits than the free plan</li><li>Faster response times during peak hours</li><li>Activated directly on your personal account</li><li>Flexible plan lengths to match your usage needs</li></ul><h3>How delivery &amp; redemption works</h3><p>After purchase, follow the activation instructions sent to your email — either an upgrade link for your own account or a ready-made login, depending on the plan you choose at checkout.</p><p>Instant email delivery, 24/7 automated checkout, and multiple denominations are available so you can buy exactly what you need. All codes are sourced from authorized distributors and are ready to redeem immediately after purchase confirmation.</p>","20","","AI Tools > Subscriptions","Gemini Advanced, gemini advanced subscription, ai tools, google ai, premium ai access","1","0","1","","Plan","1 Month - $20 | 12 Months - $200","1","1","Gemini Advanced subscription","Buy a Gemini Advanced subscription for premium AI features and higher usage limits. Fast activation, flexible plans.",""
"1064","variable","AI-GROKPREMIUM","Grok Premium Subscription – AI Assistant Premium Access (xAI)","1","0","visible","Unlock premium Grok Premium access with faster responses, higher limits, and priority features.","<p>Upgrade your workflow with a Grok Premium subscription. Get priority access to the latest xAI AI models, higher usage limits, and premium features not available on the free tier — activated on your own account.</p><h3>Why buy the Grok Premium Subscription here</h3><ul><li>Priority access to the latest AI models and features</li><li>Higher usage limits than the free plan</li><li>Faster response times during peak hours</li><li>Activated directly on your personal account</li><li>Flexible plan lengths to match your usage needs</li></ul><h3>How delivery &amp; redemption works</h3><p>After purchase, follow the activation instructions sent to your email — either an upgrade link for your own account or a ready-made login, depending on the plan you choose at checkout.</p><p>Instant email delivery, 24/7 automated checkout, and multiple denominations are available so you can buy exactly what you need. All codes are sourced from authorized distributors and are ready to redeem immediately after purchase confirmation.</p>","16","","AI Tools > Subscriptions","Grok Premium, grok premium subscription, ai tools, xai ai, premium ai access","1","0","1","","Plan","1 Month - $16 | 12 Months - $168","1","1","Grok Premium subscription","Buy a Grok Premium subscription for premium AI features and higher usage limits. Fast activation, flexible plans.",""
"1065","variable","AI-CURSORPRO","Cursor Pro Subscription – AI Assistant Premium Access (Cursor (Anysphere))","1","0","visible","Unlock premium Cursor Pro access with faster responses, higher limits, and priority features.","<p>Upgrade your workflow with a Cursor Pro subscription. Get priority access to the latest Cursor (Anysphere) AI models, higher usage limits, and premium features not available on the free tier — activated on your own account.</p><h3>Why buy the Cursor Pro Subscription here</h3><ul><li>Priority access to the latest AI models and features</li><li>Higher usage limits than the free plan</li><li>Faster response times during peak hours</li><li>Activated directly on your personal account</li><li>Flexible plan lengths to match your usage needs</li></ul><h3>How delivery &amp; redemption works</h3><p>After purchase, follow the activation instructions sent to your email — either an upgrade link for your own account or a ready-made login, depending on the plan you choose at checkout.</p><p>Instant email delivery, 24/7 automated checkout, and multiple denominations are available so you can buy exactly what you need. All codes are sourced from authorized distributors and are ready to redeem immediately after purchase confirmation.</p>","20","","AI Tools > Subscriptions","Cursor Pro, cursor pro subscription, ai tools, cursor (anysphere) ai, premium ai access","1","0","1","","Plan","1 Month - $20 | 12 Months - $192","1","1","Cursor Pro subscription","Buy a Cursor Pro subscription for premium AI features and higher usage limits. Fast activation, flexible plans.",""
"1066","variable","SUB-NETFLIXPREMIUM","Netflix Premium Subscription – Premium Streaming Access Plan","1","0","visible","Get full Netflix Premium access with flexible monthly or annual subscription plans.","<p>Enjoy uninterrupted streaming with a Netflix Premium subscription plan. Choose the billing length that suits you and get instant activation instructions sent to your email after checkout.</p><h3>Why buy the Netflix Premium Subscription here</h3><ul><li>Full access to Netflix Premium's streaming catalog and features</li><li>Choice of 1, 3, 6, or 12-month plans</li><li>Instant email delivery of activation details</li><li>Works across supported devices and apps</li><li>No long-term contract required</li></ul><h3>How delivery &amp; redemption works</h3><p>Activation details are emailed right after purchase, including either an account upgrade link or ready-to-use login credentials, depending on the plan selected.</p><p>Instant email delivery, 24/7 automated checkout, and multiple denominations are available so you can buy exactly what you need. All codes are sourced from authorized distributors and are ready to redeem immediately after purchase confirmation.</p>","10","","Subscriptions > Streaming Subscriptions","Netflix Premium, netflix premium subscription, streaming subscription, premium account access","1","0","1","","Plan","1 Month - $10 | 3 Months - $27 | 6 Months - $50 | 12 Months - $90","1","1","Netflix Premium subscription","Subscribe to Netflix Premium with flexible plans from 1 to 12 months. Instant activation after purchase.",""
"1067","variable","SUB-DISNEYPLUSPREMIUM","Disney+ Premium Subscription – Premium Streaming Access Plan","1","0","visible","Get full Disney+ Premium access with flexible monthly or annual subscription plans.","<p>Enjoy uninterrupted streaming with a Disney+ Premium subscription plan. Choose the billing length that suits you and get instant activation instructions sent to your email after checkout.</p><h3>Why buy the Disney+ Premium Subscription here</h3><ul><li>Full access to Disney+ Premium's streaming catalog and features</li><li>Choice of 1, 3, 6, or 12-month plans</li><li>Instant email delivery of activation details</li><li>Works across supported devices and apps</li><li>No long-term contract required</li></ul><h3>How delivery &amp; redemption works</h3><p>Activation details are emailed right after purchase, including either an account upgrade link or ready-to-use login credentials, depending on the plan selected.</p><p>Instant email delivery, 24/7 automated checkout, and multiple denominations are available so you can buy exactly what you need. All codes are sourced from authorized distributors and are ready to redeem immediately after purchase confirmation.</p>","10","","Subscriptions > Streaming Subscriptions","Disney+ Premium, disney+ premium subscription, streaming subscription, premium account access","1","0","1","","Plan","1 Month - $10 | 3 Months - $27 | 6 Months - $50 | 12 Months - $90","1","1","Disney+ Premium subscription","Subscribe to Disney+ Premium with flexible plans from 1 to 12 months. Instant activation after purchase.",""
"1068","variable","SUB-HBOMAX","HBO Max Subscription – Premium Streaming Access Plan","1","0","visible","Get full HBO Max access with flexible monthly or annual subscription plans.","<p>Enjoy uninterrupted streaming with a HBO Max subscription plan. Choose the billing length that suits you and get instant activation instructions sent to your email after checkout.</p><h3>Why buy the HBO Max Subscription here</h3><ul><li>Full access to HBO Max's streaming catalog and features</li><li>Choice of 1, 3, 6, or 12-month plans</li><li>Instant email delivery of activation details</li><li>Works across supported devices and apps</li><li>No long-term contract required</li></ul><h3>How delivery &amp; redemption works</h3><p>Activation details are emailed right after purchase, including either an account upgrade link or ready-to-use login credentials, depending on the plan selected.</p><p>Instant email delivery, 24/7 automated checkout, and multiple denominations are available so you can buy exactly what you need. All codes are sourced from authorized distributors and are ready to redeem immediately after purchase confirmation.</p>","10","","Subscriptions > Streaming Subscriptions","HBO Max, hbo max subscription, streaming subscription, premium account access","1","0","1","","Plan","1 Month - $10 | 3 Months - $27 | 6 Months - $50 | 12 Months - $90","1","1","HBO Max subscription","Subscribe to HBO Max with flexible plans from 1 to 12 months. Instant activation after purchase.",""
"1069","variable","SUB-AMAZONPRIMEVIDEO","Amazon Prime Video Subscription – Premium Streaming Access Plan","1","0","visible","Get full Amazon Prime Video access with flexible monthly or annual subscription plans.","<p>Enjoy uninterrupted streaming with a Amazon Prime Video subscription plan. Choose the billing length that suits you and get instant activation instructions sent to your email after checkout.</p><h3>Why buy the Amazon Prime Video Subscription here</h3><ul><li>Full access to Amazon Prime Video's streaming catalog and features</li><li>Choice of 1, 3, 6, or 12-month plans</li><li>Instant email delivery of activation details</li><li>Works across supported devices and apps</li><li>No long-term contract required</li></ul><h3>How delivery &amp; redemption works</h3><p>Activation details are emailed right after purchase, including either an account upgrade link or ready-to-use login credentials, depending on the plan selected.</p><p>Instant email delivery, 24/7 automated checkout, and multiple denominations are available so you can buy exactly what you need. All codes are sourced from authorized distributors and are ready to redeem immediately after purchase confirmation.</p>","10","","Subscriptions > Streaming Subscriptions","Amazon Prime Video, amazon prime video subscription, streaming subscription, premium account access","1","0","1","","Plan","1 Month - $10 | 3 Months - $27 | 6 Months - $50 | 12 Months - $90","1","1","Amazon Prime Video subscription","Subscribe to Amazon Prime Video with flexible plans from 1 to 12 months. Instant activation after purchase.",""
"1070","variable","SUB-YOUTUBEPREMIUM","YouTube Premium Subscription – Premium Streaming Access Plan","1","0","visible","Get full YouTube Premium access with flexible monthly or annual subscription plans.","<p>Enjoy uninterrupted streaming with a YouTube Premium subscription plan. Choose the billing length that suits you and get instant activation instructions sent to your email after checkout.</p><h3>Why buy the YouTube Premium Subscription here</h3><ul><li>Full access to YouTube Premium's streaming catalog and features</li><li>Choice of 1, 3, 6, or 12-month plans</li><li>Instant email delivery of activation details</li><li>Works across supported devices and apps</li><li>No long-term contract required</li></ul><h3>How delivery &amp; redemption works</h3><p>Activation details are emailed right after purchase, including either an account upgrade link or ready-to-use login credentials, depending on the plan selected.</p><p>Instant email delivery, 24/7 automated checkout, and multiple denominations are available so you can buy exactly what you need. All codes are sourced from authorized distributors and are ready to redeem immediately after purchase confirmation.</p>","10","","Subscriptions > Streaming Subscriptions","YouTube Premium, youtube premium subscription, streaming subscription, premium account access","1","0","1","","Plan","1 Month - $10 | 3 Months - $27 | 6 Months - $50 | 12 Months - $90","1","1","YouTube Premium subscription","Subscribe to YouTube Premium with flexible plans from 1 to 12 months. Instant activation after purchase.",""
"1071","variable","SUB-SPOTIFYPREMIUM","Spotify Premium Subscription – Premium Music Access Plan","1","0","visible","Get full Spotify Premium access with flexible monthly or annual subscription plans.","<p>Enjoy uninterrupted music with a Spotify Premium subscription plan. Choose the billing length that suits you and get instant activation instructions sent to your email after checkout.</p><h3>Why buy the Spotify Premium Subscription here</h3><ul><li>Full access to Spotify Premium's music catalog and features</li><li>Choice of 1, 3, 6, or 12-month plans</li><li>Instant email delivery of activation details</li><li>Works across supported devices and apps</li><li>No long-term contract required</li></ul><h3>How delivery &amp; redemption works</h3><p>Activation details are emailed right after purchase, including either an account upgrade link or ready-to-use login credentials, depending on the plan selected.</p><p>Instant email delivery, 24/7 automated checkout, and multiple denominations are available so you can buy exactly what you need. All codes are sourced from authorized distributors and are ready to redeem immediately after purchase confirmation.</p>","10","","Subscriptions > Music Subscriptions","Spotify Premium, spotify premium subscription, music subscription, premium account access","1","0","1","","Plan","1 Month - $10 | 3 Months - $27 | 6 Months - $50 | 12 Months - $90","1","1","Spotify Premium subscription","Subscribe to Spotify Premium with flexible plans from 1 to 12 months. Instant activation after purchase.",""
"1072","variable","SUB-APPLEMUSIC","Apple Music Subscription – Premium Music Access Plan","1","0","visible","Get full Apple Music access with flexible monthly or annual subscription plans.","<p>Enjoy uninterrupted music with a Apple Music subscription plan. Choose the billing length that suits you and get instant activation instructions sent to your email after checkout.</p><h3>Why buy the Apple Music Subscription here</h3><ul><li>Full access to Apple Music's music catalog and features</li><li>Choice of 1, 3, 6, or 12-month plans</li><li>Instant email delivery of activation details</li><li>Works across supported devices and apps</li><li>No long-term contract required</li></ul><h3>How delivery &amp; redemption works</h3><p>Activation details are emailed right after purchase, including either an account upgrade link or ready-to-use login credentials, depending on the plan selected.</p><p>Instant email delivery, 24/7 automated checkout, and multiple denominations are available so you can buy exactly what you need. All codes are sourced from authorized distributors and are ready to redeem immediately after purchase confirmation.</p>","10","","Subscriptions > Music Subscriptions","Apple Music, apple music subscription, music subscription, premium account access","1","0","1","","Plan","1 Month - $10 | 3 Months - $27 | 6 Months - $50 | 12 Months - $90","1","1","Apple Music subscription","Subscribe to Apple Music with flexible plans from 1 to 12 months. Instant activation after purchase.",""
"1073","variable","SUB-PARAMOUNTPLUS","Paramount+ Subscription – Premium Streaming Access Plan","1","0","visible","Get full Paramount+ access with flexible monthly or annual subscription plans.","<p>Enjoy uninterrupted streaming with a Paramount+ subscription plan. Choose the billing length that suits you and get instant activation instructions sent to your email after checkout.</p><h3>Why buy the Paramount+ Subscription here</h3><ul><li>Full access to Paramount+'s streaming catalog and features</li><li>Choice of 1, 3, 6, or 12-month plans</li><li>Instant email delivery of activation details</li><li>Works across supported devices and apps</li><li>No long-term contract required</li></ul><h3>How delivery &amp; redemption works</h3><p>Activation details are emailed right after purchase, including either an account upgrade link or ready-to-use login credentials, depending on the plan selected.</p><p>Instant email delivery, 24/7 automated checkout, and multiple denominations are available so you can buy exactly what you need. All codes are sourced from authorized distributors and are ready to redeem immediately after purchase confirmation.</p>","10","","Subscriptions > Streaming Subscriptions","Paramount+, paramount+ subscription, streaming subscription, premium account access","1","0","1","","Plan","1 Month - $10 | 3 Months - $27 | 6 Months - $50 | 12 Months - $90","1","1","Paramount+ subscription","Subscribe to Paramount+ with flexible plans from 1 to 12 months. Instant activation after purchase.",""
"1074","variable","SUB-HULU","Hulu Subscription – Premium Streaming Access Plan","1","0","visible","Get full Hulu access with flexible monthly or annual subscription plans.","<p>Enjoy uninterrupted streaming with a Hulu subscription plan. Choose the billing length that suits you and get instant activation instructions sent to your email after checkout.</p><h3>Why buy the Hulu Subscription here</h3><ul><li>Full access to Hulu's streaming catalog and features</li><li>Choice of 1, 3, 6, or 12-month plans</li><li>Instant email delivery of activation details</li><li>Works across supported devices and apps</li><li>No long-term contract required</li></ul><h3>How delivery &amp; redemption works</h3><p>Activation details are emailed right after purchase, including either an account upgrade link or ready-to-use login credentials, depending on the plan selected.</p><p>Instant email delivery, 24/7 automated checkout, and multiple denominations are available so you can buy exactly what you need. All codes are sourced from authorized distributors and are ready to redeem immediately after purchase confirmation.</p>","10","","Subscriptions > Streaming Subscriptions","Hulu, hulu subscription, streaming subscription, premium account access","1","0","1","","Plan","1 Month - $10 | 3 Months - $27 | 6 Months - $50 | 12 Months - $90","1","1","Hulu subscription","Subscribe to Hulu with flexible plans from 1 to 12 months. Instant activation after purchase.",""
"1075","variable","SUB-APPLETVPLUS","Apple TV+ Subscription – Premium Streaming Access Plan","1","0","visible","Get full Apple TV+ access with flexible monthly or annual subscription plans.","<p>Enjoy uninterrupted streaming with a Apple TV+ subscription plan. Choose the billing length that suits you and get instant activation instructions sent to your email after checkout.</p><h3>Why buy the Apple TV+ Subscription here</h3><ul><li>Full access to Apple TV+'s streaming catalog and features</li><li>Choice of 1, 3, 6, or 12-month plans</li><li>Instant email delivery of activation details</li><li>Works across supported devices and apps</li><li>No long-term contract required</li></ul><h3>How delivery &amp; redemption works</h3><p>Activation details are emailed right after purchase, including either an account upgrade link or ready-to-use login credentials, depending on the plan selected.</p><p>Instant email delivery, 24/7 automated checkout, and multiple denominations are available so you can buy exactly what you need. All codes are sourced from authorized distributors and are ready to redeem immediately after purchase confirmation.</p>","10","","Subscriptions > Streaming Subscriptions","Apple TV+, apple tv+ subscription, streaming subscription, premium account access","1","0","1","","Plan","1 Month - $10 | 3 Months - $27 | 6 Months - $50 | 12 Months - $90","1","1","Apple TV+ subscription","Subscribe to Apple TV+ with flexible plans from 1 to 12 months. Instant activation after purchase.",""
"1076","variable","SOFT-NORDVPN","NordVPN License Key – Genuine Activation Code","1","0","visible","Get a genuine NordVPN license key with instant email delivery and easy activation.","<p>Protect and optimize your devices with a genuine NordVPN license key. This digital license activates the full version of NordVPN, unlocking every premium feature on your chosen number of devices.</p><h3>Why buy the NordVPN License Key here</h3><ul><li>100% genuine, unused license key</li><li>Unlocks the full premium feature set</li><li>Instant delivery to your email after checkout</li><li>Simple activation with a step-by-step guide included</li><li>Covers the device count and duration you select</li></ul><h3>How delivery &amp; redemption works</h3><p>Your NordVPN license key is emailed instantly after purchase, along with a short activation guide. Install the official NordVPN software, enter the key when prompted, and your license activates immediately.</p><p>Instant email delivery, 24/7 automated checkout, and multiple denominations are available so you can buy exactly what you need. All codes are sourced from authorized distributors and are ready to redeem immediately after purchase confirmation.</p>","60","","Software > Security & Productivity","NordVPN, nordvpn license key, nordvpn activation code, software license","1","0","1","","Plan","1 Year - 1 Device - $60 | 2 Years - 5 Devices - $100","1","1","NordVPN license key","Buy a genuine NordVPN license key with instant delivery. Easy activation, full premium features unlocked.",""
"1077","variable","SOFT-MICROSOFT","Microsoft 365 / Windows License Key – Genuine Activation Code","1","0","visible","Get a genuine Microsoft 365 / Windows license key with instant email delivery and easy activation.","<p>Protect and optimize your devices with a genuine Microsoft 365 / Windows license key. This digital license activates the full version of Microsoft 365 / Windows, unlocking every premium feature on your chosen number of devices.</p><h3>Why buy the Microsoft 365 / Windows License Key here</h3><ul><li>100% genuine, unused license key</li><li>Unlocks the full premium feature set</li><li>Instant delivery to your email after checkout</li><li>Simple activation with a step-by-step guide included</li><li>Covers the device count and duration you select</li></ul><h3>How delivery &amp; redemption works</h3><p>Your Microsoft 365 / Windows license key is emailed instantly after purchase, along with a short activation guide. Install the official Microsoft 365 / Windows software, enter the key when prompted, and your license activates immediately.</p><p>Instant email delivery, 24/7 automated checkout, and multiple denominations are available so you can buy exactly what you need. All codes are sourced from authorized distributors and are ready to redeem immediately after purchase confirmation.</p>","70","","Software > Security & Productivity","Microsoft 365 / Windows, microsoft 365 / windows license key, microsoft 365 / windows activation code, software license","1","0","1","","Plan","1 PC - 1 Year - $70 | 5 PCs - 1 Year - $100","1","1","Microsoft 365 / Windows license key","Buy a genuine Microsoft 365 / Windows license key with instant delivery. Easy activation, full premium features unlocked.",""
"1078","variable","SOFT-MALWAREBYTES","Malwarebytes Premium License Key – Genuine Activation Code","1","0","visible","Get a genuine Malwarebytes Premium license key with instant email delivery and easy activation.","<p>Protect and optimize your devices with a genuine Malwarebytes Premium license key. This digital license activates the full version of Malwarebytes Premium, unlocking every premium feature on your chosen number of devices.</p><h3>Why buy the Malwarebytes Premium License Key here</h3><ul><li>100% genuine, unused license key</li><li>Unlocks the full premium feature set</li><li>Instant delivery to your email after checkout</li><li>Simple activation with a step-by-step guide included</li><li>Covers the device count and duration you select</li></ul><h3>How delivery &amp; redemption works</h3><p>Your Malwarebytes Premium license key is emailed instantly after purchase, along with a short activation guide. Install the official Malwarebytes Premium software, enter the key when prompted, and your license activates immediately.</p><p>Instant email delivery, 24/7 automated checkout, and multiple denominations are available so you can buy exactly what you need. All codes are sourced from authorized distributors and are ready to redeem immediately after purchase confirmation.</p>","40","","Software > Security & Productivity","Malwarebytes Premium, malwarebytes premium license key, malwarebytes premium activation code, software license","1","0","1","","Plan","1 Device - 1 Year - $40 | 5 Devices - 1 Year - $70","1","1","Malwarebytes Premium license key","Buy a genuine Malwarebytes Premium license key with instant delivery. Easy activation, full premium features unlocked.",""
"1079","variable","SOFT-AVAST","Avast Premium Security License Key – Genuine Activation Code","1","0","visible","Get a genuine Avast Premium Security license key with instant email delivery and easy activation.","<p>Protect and optimize your devices with a genuine Avast Premium Security license key. This digital license activates the full version of Avast Premium Security, unlocking every premium feature on your chosen number of devices.</p><h3>Why buy the Avast Premium Security License Key here</h3><ul><li>100% genuine, unused license key</li><li>Unlocks the full premium feature set</li><li>Instant delivery to your email after checkout</li><li>Simple activation with a step-by-step guide included</li><li>Covers the device count and duration you select</li></ul><h3>How delivery &amp; redemption works</h3><p>Your Avast Premium Security license key is emailed instantly after purchase, along with a short activation guide. Install the official Avast Premium Security software, enter the key when prompted, and your license activates immediately.</p><p>Instant email delivery, 24/7 automated checkout, and multiple denominations are available so you can buy exactly what you need. All codes are sourced from authorized distributors and are ready to redeem immediately after purchase confirmation.</p>","35","","Software > Security & Productivity","Avast Premium Security, avast premium security license key, avast premium security activation code, software license","1","0","1","","Plan","1 Device - 1 Year - $35 | 10 Devices - 1 Year - $60","1","1","Avast Premium Security license key","Buy a genuine Avast Premium Security license key with instant delivery. Easy activation, full premium features unlocked.",""
"1080","variable","SOFT-NORTON","Norton 360 License Key – Genuine Activation Code","1","0","visible","Get a genuine Norton 360 license key with instant email delivery and easy activation.","<p>Protect and optimize your devices with a genuine Norton 360 license key. This digital license activates the full version of Norton 360, unlocking every premium feature on your chosen number of devices.</p><h3>Why buy the Norton 360 License Key here</h3><ul><li>100% genuine, unused license key</li><li>Unlocks the full premium feature set</li><li>Instant delivery to your email after checkout</li><li>Simple activation with a step-by-step guide included</li><li>Covers the device count and duration you select</li></ul><h3>How delivery &amp; redemption works</h3><p>Your Norton 360 license key is emailed instantly after purchase, along with a short activation guide. Install the official Norton 360 software, enter the key when prompted, and your license activates immediately.</p><p>Instant email delivery, 24/7 automated checkout, and multiple denominations are available so you can buy exactly what you need. All codes are sourced from authorized distributors and are ready to redeem immediately after purchase confirmation.</p>","40","","Software > Security & Productivity","Norton 360, norton 360 license key, norton 360 activation code, software license","1","0","1","","Plan","1 Device - 1 Year - $40 | 5 Devices - 1 Year - $80","1","1","Norton 360 license key","Buy a genuine Norton 360 license key with instant delivery. Easy activation, full premium features unlocked.",""
"1081","variable","SOFT-AVG","AVG Ultimate License Key – Genuine Activation Code","1","0","visible","Get a genuine AVG Ultimate license key with instant email delivery and easy activation.","<p>Protect and optimize your devices with a genuine AVG Ultimate license key. This digital license activates the full version of AVG Ultimate, unlocking every premium feature on your chosen number of devices.</p><h3>Why buy the AVG Ultimate License Key here</h3><ul><li>100% genuine, unused license key</li><li>Unlocks the full premium feature set</li><li>Instant delivery to your email after checkout</li><li>Simple activation with a step-by-step guide included</li><li>Covers the device count and duration you select</li></ul><h3>How delivery &amp; redemption works</h3><p>Your AVG Ultimate license key is emailed instantly after purchase, along with a short activation guide. Install the official AVG Ultimate software, enter the key when prompted, and your license activates immediately.</p><p>Instant email delivery, 24/7 automated checkout, and multiple denominations are available so you can buy exactly what you need. All codes are sourced from authorized distributors and are ready to redeem immediately after purchase confirmation.</p>","35","","Software > Security & Productivity","AVG Ultimate, avg ultimate license key, avg ultimate activation code, software license","1","0","1","","Plan","1 Device - 1 Year - $35 | 10 Devices - 1 Year - $60","1","1","AVG Ultimate license key","Buy a genuine AVG Ultimate license key with instant delivery. Easy activation, full premium features unlocked.",""
"1082","variable","SOFT-ADOBE","Adobe Creative Cloud License Key – Genuine Activation Code","1","0","visible","Get a genuine Adobe Creative Cloud license key with instant email delivery and easy activation.","<p>Protect and optimize your devices with a genuine Adobe Creative Cloud license key. This digital license activates the full version of Adobe Creative Cloud, unlocking every premium feature on your chosen number of devices.</p><h3>Why buy the Adobe Creative Cloud License Key here</h3><ul><li>100% genuine, unused license key</li><li>Unlocks the full premium feature set</li><li>Instant delivery to your email after checkout</li><li>Simple activation with a step-by-step guide included</li><li>Covers the device count and duration you select</li></ul><h3>How delivery &amp; redemption works</h3><p>Your Adobe Creative Cloud license key is emailed instantly after purchase, along with a short activation guide. Install the official Adobe Creative Cloud software, enter the key when prompted, and your license activates immediately.</p><p>Instant email delivery, 24/7 automated checkout, and multiple denominations are available so you can buy exactly what you need. All codes are sourced from authorized distributors and are ready to redeem immediately after purchase confirmation.</p>","55","","Software > Security & Productivity","Adobe Creative Cloud, adobe creative cloud license key, adobe creative cloud activation code, software license","1","0","1","","Plan","1 Month - $55 | 12 Months - $600","1","1","Adobe Creative Cloud license key","Buy a genuine Adobe Creative Cloud license key with instant delivery. Easy activation, full premium features unlocked.",""
"1083","variable","SOFT-CCLEANER","CCleaner Professional License Key – Genuine Activation Code","1","0","visible","Get a genuine CCleaner Professional license key with instant email delivery and easy activation.","<p>Protect and optimize your devices with a genuine CCleaner Professional license key. This digital license activates the full version of CCleaner Professional, unlocking every premium feature on your chosen number of devices.</p><h3>Why buy the CCleaner Professional License Key here</h3><ul><li>100% genuine, unused license key</li><li>Unlocks the full premium feature set</li><li>Instant delivery to your email after checkout</li><li>Simple activation with a step-by-step guide included</li><li>Covers the device count and duration you select</li></ul><h3>How delivery &amp; redemption works</h3><p>Your CCleaner Professional license key is emailed instantly after purchase, along with a short activation guide. Install the official CCleaner Professional software, enter the key when prompted, and your license activates immediately.</p><p>Instant email delivery, 24/7 automated checkout, and multiple denominations are available so you can buy exactly what you need. All codes are sourced from authorized distributors and are ready to redeem immediately after purchase confirmation.</p>","25","","Software > Security & Productivity","CCleaner Professional, ccleaner professional license key, ccleaner professional activation code, software license","1","0","1","","Plan","1 Device - 1 Year - $25 | 3 Devices - 1 Year - $40","1","1","CCleaner Professional license key","Buy a genuine CCleaner Professional license key with instant delivery. Easy activation, full premium features unlocked.",""
"1084","variable","SOFT-BITDEFENDER","Bitdefender Total Security License Key – Genuine Activation Code","1","0","visible","Get a genuine Bitdefender Total Security license key with instant email delivery and easy activation.","<p>Protect and optimize your devices with a genuine Bitdefender Total Security license key. This digital license activates the full version of Bitdefender Total Security, unlocking every premium feature on your chosen number of devices.</p><h3>Why buy the Bitdefender Total Security License Key here</h3><ul><li>100% genuine, unused license key</li><li>Unlocks the full premium feature set</li><li>Instant delivery to your email after checkout</li><li>Simple activation with a step-by-step guide included</li><li>Covers the device count and duration you select</li></ul><h3>How delivery &amp; redemption works</h3><p>Your Bitdefender Total Security license key is emailed instantly after purchase, along with a short activation guide. Install the official Bitdefender Total Security software, enter the key when prompted, and your license activates immediately.</p><p>Instant email delivery, 24/7 automated checkout, and multiple denominations are available so you can buy exactly what you need. All codes are sourced from authorized distributors and are ready to redeem immediately after purchase confirmation.</p>","35","","Software > Security & Productivity","Bitdefender Total Security, bitdefender total security license key, bitdefender total security activation code, software license","1","0","1","","Plan","1 Device - 1 Year - $35 | 5 Devices - 1 Year - $65","1","1","Bitdefender Total Security license key","Buy a genuine Bitdefender Total Security license key with instant delivery. Easy activation, full premium features unlocked.",""
"1085","variable","SOFT-KASPERSKY","Kaspersky Premium License Key – Genuine Activation Code","1","0","visible","Get a genuine Kaspersky Premium license key with instant email delivery and easy activation.","<p>Protect and optimize your devices with a genuine Kaspersky Premium license key. This digital license activates the full version of Kaspersky Premium, unlocking every premium feature on your chosen number of devices.</p><h3>Why buy the Kaspersky Premium License Key here</h3><ul><li>100% genuine, unused license key</li><li>Unlocks the full premium feature set</li><li>Instant delivery to your email after checkout</li><li>Simple activation with a step-by-step guide included</li><li>Covers the device count and duration you select</li></ul><h3>How delivery &amp; redemption works</h3><p>Your Kaspersky Premium license key is emailed instantly after purchase, along with a short activation guide. Install the official Kaspersky Premium software, enter the key when prompted, and your license activates immediately.</p><p>Instant email delivery, 24/7 automated checkout, and multiple denominations are available so you can buy exactly what you need. All codes are sourced from authorized distributors and are ready to redeem immediately after purchase confirmation.</p>","30","","Software > Security & Productivity","Kaspersky Premium, kaspersky premium license key, kaspersky premium activation code, software license","1","0","1","","Plan","1 Device - 1 Year - $30 | 5 Devices - 1 Year - $60","1","1","Kaspersky Premium license key","Buy a genuine Kaspersky Premium license key with instant delivery. Easy activation, full premium features unlocked.",""
"1086","variable","SOFT-ESET","ESET Internet Security License Key – Genuine Activation Code","1","0","visible","Get a genuine ESET Internet Security license key with instant email delivery and easy activation.","<p>Protect and optimize your devices with a genuine ESET Internet Security license key. This digital license activates the full version of ESET Internet Security, unlocking every premium feature on your chosen number of devices.</p><h3>Why buy the ESET Internet Security License Key here</h3><ul><li>100% genuine, unused license key</li><li>Unlocks the full premium feature set</li><li>Instant delivery to your email after checkout</li><li>Simple activation with a step-by-step guide included</li><li>Covers the device count and duration you select</li></ul><h3>How delivery &amp; redemption works</h3><p>Your ESET Internet Security license key is emailed instantly after purchase, along with a short activation guide. Install the official ESET Internet Security software, enter the key when prompted, and your license activates immediately.</p><p>Instant email delivery, 24/7 automated checkout, and multiple denominations are available so you can buy exactly what you need. All codes are sourced from authorized distributors and are ready to redeem immediately after purchase confirmation.</p>","30","","Software > Security & Productivity","ESET Internet Security, eset internet security license key, eset internet security activation code, software license","1","0","1","","Plan","1 Device - 1 Year - $30 | 5 Devices - 1 Year - $55","1","1","ESET Internet Security license key","Buy a genuine ESET Internet Security license key with instant delivery. Easy activation, full premium features unlocked.",""
"1087","variable","SOFT-WINRAR","WinRAR License License Key – Genuine Activation Code","1","0","visible","Get a genuine WinRAR License license key with instant email delivery and easy activation.","<p>Protect and optimize your devices with a genuine WinRAR License license key. This digital license activates the full version of WinRAR License, unlocking every premium feature on your chosen number of devices.</p><h3>Why buy the WinRAR License License Key here</h3><ul><li>100% genuine, unused license key</li><li>Unlocks the full premium feature set</li><li>Instant delivery to your email after checkout</li><li>Simple activation with a step-by-step guide included</li><li>Covers the device count and duration you select</li></ul><h3>How delivery &amp; redemption works</h3><p>Your WinRAR License license key is emailed instantly after purchase, along with a short activation guide. Install the official WinRAR License software, enter the key when prompted, and your license activates immediately.</p><p>Instant email delivery, 24/7 automated checkout, and multiple denominations are available so you can buy exactly what you need. All codes are sourced from authorized distributors and are ready to redeem immediately after purchase confirmation.</p>","30","","Software > Security & Productivity","WinRAR License, winrar license license key, winrar license activation code, software license","1","0","1","","Plan","1 PC - Lifetime - $30 | 5 PCs - Lifetime - $80","1","1","WinRAR License license key","Buy a genuine WinRAR License license key with instant delivery. Easy activation, full premium features unlocked.",""
"1088","variable","GAMES-STEAM","Steam Wallet Code – Digital Top-Up Code","1","0","visible","Instantly top up Steam Wallet Code to buy games, in-game currency, or premium content.","<p>Top up your Steam Wallet Code balance instantly and spend it on new games, in-game currency, DLC, or premium content, all credited directly to your gaming account.</p><h3>Why buy the Steam Wallet Code Top-Up here</h3><ul><li>Instant digital delivery by email</li><li>Spend on games, DLC, subscriptions, or in-game currency</li><li>No card details required to redeem</li><li>Great gift for gamers on any platform</li><li>Multiple amounts available to match your needs</li></ul><h3>How delivery &amp; redemption works</h3><p>Your Steam Wallet Code code is emailed right after checkout. Open the relevant store or launcher, select ""Redeem Code"", and enter the digits to instantly credit your account.</p><p>Instant email delivery, 24/7 automated checkout, and multiple denominations are available so you can buy exactly what you need. All codes are sourced from authorized distributors and are ready to redeem immediately after purchase confirmation.</p>","10","","Games > Platform Top-Ups","Steam Wallet Code, steam wallet code code, game top-up, digital game currency, gaming gift card","1","0","1","","Denomination","$10 | $20 | $50 | $100","1","1","steam wallet code","Buy a Steam Wallet Code top-up online with instant email delivery. Redeem instantly for games and in-game content.",""
"1089","variable","GAMES-EA","EA App Wallet Gift Card – Digital Top-Up Code","1","0","visible","Instantly top up EA App Wallet Gift Card to buy games, in-game currency, or premium content.","<p>Top up your EA App Wallet Gift Card balance instantly and spend it on new games, in-game currency, DLC, or premium content, all credited directly to your gaming account.</p><h3>Why buy the EA App Wallet Gift Card Top-Up here</h3><ul><li>Instant digital delivery by email</li><li>Spend on games, DLC, subscriptions, or in-game currency</li><li>No card details required to redeem</li><li>Great gift for gamers on any platform</li><li>Multiple amounts available to match your needs</li></ul><h3>How delivery &amp; redemption works</h3><p>Your EA App Wallet Gift Card code is emailed right after checkout. Open the relevant store or launcher, select ""Redeem Code"", and enter the digits to instantly credit your account.</p><p>Instant email delivery, 24/7 automated checkout, and multiple denominations are available so you can buy exactly what you need. All codes are sourced from authorized distributors and are ready to redeem immediately after purchase confirmation.</p>","10","","Games > Platform Top-Ups","EA App Wallet Gift Card, ea app wallet gift card code, game top-up, digital game currency, gaming gift card","1","0","1","","Denomination","$10 | $25 | $50 | $100","1","1","ea app wallet gift card","Buy a EA App Wallet Gift Card top-up online with instant email delivery. Redeem instantly for games and in-game content.",""
"1090","variable","GAMES-BATTLE.NET","Battle.net Balance Gift Card – Digital Top-Up Code","1","0","visible","Instantly top up Battle.net Balance Gift Card to buy games, in-game currency, or premium content.","<p>Top up your Battle.net Balance Gift Card balance instantly and spend it on new games, in-game currency, DLC, or premium content, all credited directly to your gaming account.</p><h3>Why buy the Battle.net Balance Gift Card Top-Up here</h3><ul><li>Instant digital delivery by email</li><li>Spend on games, DLC, subscriptions, or in-game currency</li><li>No card details required to redeem</li><li>Great gift for gamers on any platform</li><li>Multiple amounts available to match your needs</li></ul><h3>How delivery &amp; redemption works</h3><p>Your Battle.net Balance Gift Card code is emailed right after checkout. Open the relevant store or launcher, select ""Redeem Code"", and enter the digits to instantly credit your account.</p><p>Instant email delivery, 24/7 automated checkout, and multiple denominations are available so you can buy exactly what you need. All codes are sourced from authorized distributors and are ready to redeem immediately after purchase confirmation.</p>","10","","Games > Platform Top-Ups","Battle.net Balance Gift Card, battle.net balance gift card code, game top-up, digital game currency, gaming gift card","1","0","1","","Denomination","$10 | $20 | $50 | $100","1","1","battle.net balance gift card","Buy a Battle.net Balance Gift Card top-up online with instant email delivery. Redeem instantly for games and in-game content.",""
"1091","variable","GAMES-UPLAY","Uplay / Ubisoft Connect Wallet Card – Digital Top-Up Code","1","0","visible","Instantly top up Uplay / Ubisoft Connect Wallet Card to buy games, in-game currency, or premium content.","<p>Top up your Uplay / Ubisoft Connect Wallet Card balance instantly and spend it on new games, in-game currency, DLC, or premium content, all credited directly to your gaming account.</p><h3>Why buy the Uplay / Ubisoft Connect Wallet Card Top-Up here</h3><ul><li>Instant digital delivery by email</li><li>Spend on games, DLC, subscriptions, or in-game currency</li><li>No card details required to redeem</li><li>Great gift for gamers on any platform</li><li>Multiple amounts available to match your needs</li></ul><h3>How delivery &amp; redemption works</h3><p>Your Uplay / Ubisoft Connect Wallet Card code is emailed right after checkout. Open the relevant store or launcher, select ""Redeem Code"", and enter the digits to instantly credit your account.</p><p>Instant email delivery, 24/7 automated checkout, and multiple denominations are available so you can buy exactly what you need. All codes are sourced from authorized distributors and are ready to redeem immediately after purchase confirmation.</p>","10","","Games > Platform Top-Ups","Uplay / Ubisoft Connect Wallet Card, uplay / ubisoft connect wallet card code, game top-up, digital game currency, gaming gift card","1","0","1","","Denomination","$10 | $25 | $50 | $100","1","1","uplay / ubisoft connect wallet card","Buy a Uplay / Ubisoft Connect Wallet Card top-up online with instant email delivery. Redeem instantly for games and in-game content.",""
"1092","variable","GAMES-XBOX","Xbox Game Pass Ultimate – Digital Top-Up Code","1","0","visible","Instantly top up Xbox Game Pass Ultimate to buy games, in-game currency, or premium content.","<p>Top up your Xbox Game Pass Ultimate balance instantly and spend it on new games, in-game currency, DLC, or premium content, all credited directly to your gaming account.</p><h3>Why buy the Xbox Game Pass Ultimate Top-Up here</h3><ul><li>Instant digital delivery by email</li><li>Spend on games, DLC, subscriptions, or in-game currency</li><li>No card details required to redeem</li><li>Great gift for gamers on any platform</li><li>Multiple amounts available to match your needs</li></ul><h3>How delivery &amp; redemption works</h3><p>Your Xbox Game Pass Ultimate code is emailed right after checkout. Open the relevant store or launcher, select ""Redeem Code"", and enter the digits to instantly credit your account.</p><p>Instant email delivery, 24/7 automated checkout, and multiple denominations are available so you can buy exactly what you need. All codes are sourced from authorized distributors and are ready to redeem immediately after purchase confirmation.</p>","17","","Games > Platform Top-Ups","Xbox Game Pass Ultimate, xbox game pass ultimate code, game top-up, digital game currency, gaming gift card","1","0","1","","Plan","1 Month - $17 | 3 Months - $45 | 12 Months - $150","1","1","xbox game pass ultimate","Buy a Xbox Game Pass Ultimate top-up online with instant email delivery. Redeem instantly for games and in-game content.",""
"1093","variable","GAMES-ROCKSTAR","Rockstar Games Shark Card – Digital Top-Up Code","1","0","visible","Instantly top up Rockstar Games Shark Card to buy games, in-game currency, or premium content.","<p>Top up your Rockstar Games Shark Card balance instantly and spend it on new games, in-game currency, DLC, or premium content, all credited directly to your gaming account.</p><h3>Why buy the Rockstar Games Shark Card Top-Up here</h3><ul><li>Instant digital delivery by email</li><li>Spend on games, DLC, subscriptions, or in-game currency</li><li>No card details required to redeem</li><li>Great gift for gamers on any platform</li><li>Multiple amounts available to match your needs</li></ul><h3>How delivery &amp; redemption works</h3><p>Your Rockstar Games Shark Card code is emailed right after checkout. Open the relevant store or launcher, select ""Redeem Code"", and enter the digits to instantly credit your account.</p><p>Instant email delivery, 24/7 automated checkout, and multiple denominations are available so you can buy exactly what you need. All codes are sourced from authorized distributors and are ready to redeem immediately after purchase confirmation.</p>","20","","Games > Platform Top-Ups","Rockstar Games Shark Card, rockstar games shark card code, game top-up, digital game currency, gaming gift card","1","0","1","","Denomination","$20 | $50 | $100","1","1","rockstar games shark card","Buy a Rockstar Games Shark Card top-up online with instant email delivery. Redeem instantly for games and in-game content.",""
"1094","variable","GAMES-EPIC","Epic Games Store Gift Card – Digital Top-Up Code","1","0","visible","Instantly top up Epic Games Store Gift Card to buy games, in-game currency, or premium content.","<p>Top up your Epic Games Store Gift Card balance instantly and spend it on new games, in-game currency, DLC, or premium content, all credited directly to your gaming account.</p><h3>Why buy the Epic Games Store Gift Card Top-Up here</h3><ul><li>Instant digital delivery by email</li><li>Spend on games, DLC, subscriptions, or in-game currency</li><li>No card details required to redeem</li><li>Great gift for gamers on any platform</li><li>Multiple amounts available to match your needs</li></ul><h3>How delivery &amp; redemption works</h3><p>Your Epic Games Store Gift Card code is emailed right after checkout. Open the relevant store or launcher, select ""Redeem Code"", and enter the digits to instantly credit your account.</p><p>Instant email delivery, 24/7 automated checkout, and multiple denominations are available so you can buy exactly what you need. All codes are sourced from authorized distributors and are ready to redeem immediately after purchase confirmation.</p>","10","","Games > Platform Top-Ups","Epic Games Store Gift Card, epic games store gift card code, game top-up, digital game currency, gaming gift card","1","0","1","","Denomination","$10 | $25 | $50 | $100","1","1","epic games store gift card","Buy a Epic Games Store Gift Card top-up online with instant email delivery. Redeem instantly for games and in-game content.",""
"1095","variable","GAMES-NINTENDO","Nintendo Switch eShop Card – Digital Top-Up Code","1","0","visible","Instantly top up Nintendo Switch eShop Card to buy games, in-game currency, or premium content.","<p>Top up your Nintendo Switch eShop Card balance instantly and spend it on new games, in-game currency, DLC, or premium content, all credited directly to your gaming account.</p><h3>Why buy the Nintendo Switch eShop Card Top-Up here</h3><ul><li>Instant digital delivery by email</li><li>Spend on games, DLC, subscriptions, or in-game currency</li><li>No card details required to redeem</li><li>Great gift for gamers on any platform</li><li>Multiple amounts available to match your needs</li></ul><h3>How delivery &amp; redemption works</h3><p>Your Nintendo Switch eShop Card code is emailed right after checkout. Open the relevant store or launcher, select ""Redeem Code"", and enter the digits to instantly credit your account.</p><p>Instant email delivery, 24/7 automated checkout, and multiple denominations are available so you can buy exactly what you need. All codes are sourced from authorized distributors and are ready to redeem immediately after purchase confirmation.</p>","10","","Games > Platform Top-Ups","Nintendo Switch eShop Card, nintendo switch eshop card code, game top-up, digital game currency, gaming gift card","1","0","1","","Denomination","$10 | $20 | $35 | $50","1","1","nintendo switch eshop card","Buy a Nintendo Switch eShop Card top-up online with instant email delivery. Redeem instantly for games and in-game content.",""
"1096","variable","GAMES-PUBG","PUBG Mobile UC Top-Up – Digital Top-Up Code","1","0","visible","Instantly top up PUBG Mobile UC Top-Up to buy games, in-game currency, or premium content.","<p>Top up your PUBG Mobile UC Top-Up balance instantly and spend it on new games, in-game currency, DLC, or premium content, all credited directly to your gaming account.</p><h3>Why buy the PUBG Mobile UC Top-Up Top-Up here</h3><ul><li>Instant digital delivery by email</li><li>Spend on games, DLC, subscriptions, or in-game currency</li><li>No card details required to redeem</li><li>Great gift for gamers on any platform</li><li>Multiple amounts available to match your needs</li></ul><h3>How delivery &amp; redemption works</h3><p>Your PUBG Mobile UC Top-Up code is emailed right after checkout. Open the relevant store or launcher, select ""Redeem Code"", and enter the digits to instantly credit your account.</p><p>Instant email delivery, 24/7 automated checkout, and multiple denominations are available so you can buy exactly what you need. All codes are sourced from authorized distributors and are ready to redeem immediately after purchase confirmation.</p>","10","","Games > Platform Top-Ups","PUBG Mobile UC Top-Up, pubg mobile uc top-up code, game top-up, digital game currency, gaming gift card","1","0","1","","Denomination","$10 | $25 | $50 | $100","1","1","pubg mobile uc top-up","Buy a PUBG Mobile UC Top-Up top-up online with instant email delivery. Redeem instantly for games and in-game content.",""
"1097","variable","GAMES-FREE","Free Fire Diamonds Top-Up – Digital Top-Up Code","1","0","visible","Instantly top up Free Fire Diamonds Top-Up to buy games, in-game currency, or premium content.","<p>Top up your Free Fire Diamonds Top-Up balance instantly and spend it on new games, in-game currency, DLC, or premium content, all credited directly to your gaming account.</p><h3>Why buy the Free Fire Diamonds Top-Up Top-Up here</h3><ul><li>Instant digital delivery by email</li><li>Spend on games, DLC, subscriptions, or in-game currency</li><li>No card details required to redeem</li><li>Great gift for gamers on any platform</li><li>Multiple amounts available to match your needs</li></ul><h3>How delivery &amp; redemption works</h3><p>Your Free Fire Diamonds Top-Up code is emailed right after checkout. Open the relevant store or launcher, select ""Redeem Code"", and enter the digits to instantly credit your account.</p><p>Instant email delivery, 24/7 automated checkout, and multiple denominations are available so you can buy exactly what you need. All codes are sourced from authorized distributors and are ready to redeem immediately after purchase confirmation.</p>","5","","Games > Platform Top-Ups","Free Fire Diamonds Top-Up, free fire diamonds top-up code, game top-up, digital game currency, gaming gift card","1","0","1","","Denomination","$5 | $10 | $25 | $50","1","1","free fire diamonds top-up","Buy a Free Fire Diamonds Top-Up top-up online with instant email delivery. Redeem instantly for games and in-game content.",""
"1098","variable","GAMES-MINECRAFT","Minecraft Minecoins Gift Card – Digital Top-Up Code","1","0","visible","Instantly top up Minecraft Minecoins Gift Card to buy games, in-game currency, or premium content.","<p>Top up your Minecraft Minecoins Gift Card balance instantly and spend it on new games, in-game currency, DLC, or premium content, all credited directly to your gaming account.</p><h3>Why buy the Minecraft Minecoins Gift Card Top-Up here</h3><ul><li>Instant digital delivery by email</li><li>Spend on games, DLC, subscriptions, or in-game currency</li><li>No card details required to redeem</li><li>Great gift for gamers on any platform</li><li>Multiple amounts available to match your needs</li></ul><h3>How delivery &amp; redemption works</h3><p>Your Minecraft Minecoins Gift Card code is emailed right after checkout. Open the relevant store or launcher, select ""Redeem Code"", and enter the digits to instantly credit your account.</p><p>Instant email delivery, 24/7 automated checkout, and multiple denominations are available so you can buy exactly what you need. All codes are sourced from authorized distributors and are ready to redeem immediately after purchase confirmation.</p>","10","","Games > Platform Top-Ups","Minecraft Minecoins Gift Card, minecraft minecoins gift card code, game top-up, digital game currency, gaming gift card","1","0","1","","Denomination","$10 | $20 | $50","1","1","minecraft minecoins gift card","Buy a Minecraft Minecoins Gift Card top-up online with instant email delivery. Redeem instantly for games and in-game content.",""
"1099","variable","GAMES-FORTNITE","Fortnite V-Bucks Gift Card – Digital Top-Up Code","1","0","visible","Instantly top up Fortnite V-Bucks Gift Card to buy games, in-game currency, or premium content.","<p>Top up your Fortnite V-Bucks Gift Card balance instantly and spend it on new games, in-game currency, DLC, or premium content, all credited directly to your gaming account.</p><h3>Why buy the Fortnite V-Bucks Gift Card Top-Up here</h3><ul><li>Instant digital delivery by email</li><li>Spend on games, DLC, subscriptions, or in-game currency</li><li>No card details required to redeem</li><li>Great gift for gamers on any platform</li><li>Multiple amounts available to match your needs</li></ul><h3>How delivery &amp; redemption works</h3><p>Your Fortnite V-Bucks Gift Card code is emailed right after checkout. Open the relevant store or launcher, select ""Redeem Code"", and enter the digits to instantly credit your account.</p><p>Instant email delivery, 24/7 automated checkout, and multiple denominations are available so you can buy exactly what you need. All codes are sourced from authorized distributors and are ready to redeem immediately after purchase confirmation.</p>","10","","Games > Platform Top-Ups","Fortnite V-Bucks Gift Card, fortnite v-bucks gift card code, game top-up, digital game currency, gaming gift card","1","0","1","","Denomination","$10 | $25 | $50 | $100","1","1","fortnite v-bucks gift card","Buy a Fortnite V-Bucks Gift Card top-up online with instant email delivery. Redeem instantly for games and in-game content.",""
